381,Alecia Jones
382,Joya Pacocha
383,Jonathan Flatley
384,Gia Mayer
385,Han Denesik
386,Hermelinda Watsica
387,Serina Powlowski
388,Maxima Wuckert
389,Irving Lemke
390,Faustino Kautzer
391,Royce Sawayn
392,Santo Rodriguez
393,Inge Bruen
394,Joya Pacocha
395,Willian Brekke
396,Alecia Jones
397,Gene Reinger
398,Marvin Nolan
399,Tereasa Reichel
400,Roland Tremblay
401,Dallas Beahan
402,Zenia Schmidt
403,Elinore Wilkinson
404,Ernest Monahan
405,Cristobal Emmerich
406,Ethan Mann
407,Zula Ledner
408,Jordon Kulas
409,Jeff Roob
410,Shawnta Howell
411,Judi Gerlach
412,Kurt Goodwin
413,Kerry Thiel
414,Felton Schultz
415,Cesar Upton
416,Faith Borer
417,Brenton Smitham
418,Jody Fahey
419,Toni Veum
420,Leatrice Hintz
421,Gerardo Leuschke
422,Natalya Cremin
423,Valentine Kemmer
424,Refugio Turner
425,Jaimie Jacobson
426,Tamiko Reilly
427,Maya Boehm
428,Porfirio Lakin
429,Harvey Hoeger
430,Brain O'Hara
431,Sharleen Crist
432,Wally Brakus
433,Hilma Rath
434,Vernita Adams
435,Frederick Prohaska
436,Kory Considine
437,Randal Stokes
438,Charita Gleichner
439,Catarina Mohr
440,Chere Aufderhar
441,Jarod Hagenes
442,Joan Stamm
443,Jerrica Johnson
444,Crysta Mitchell
445,Blaine Auer
446,Vance Gibson
447,Lupe McLaughlin
448,Vito Waters
449,Katharyn Wuckert
450,Wade Johnston
451,Lonny Kassulke
452,Katerine Herman
453,Landon Herman
454,Jessie Swaniawski
455,Willa McCullough
456,Abel Macejkovic
457,Letty Kunze
458,Blake Herzog
459,Pearl Mills
460,Brice Bashirian
461,Rhonda Wiegand
462,Jae Howe
463,Marion Bartell
464,Lakendra McLaughlin
465,Luke Johns
466,Tosha Gusikowski
467,Karl Windler
468,Laurence Windler
469,Patrick Hoppe
470,Rosalia Wilderman
471,Adele Prohaska
472,Micheal Weber
473,Sherley Grant
474,Sharyl Jacobson
475,Reed Brown
476,Sylvie Fadel
477,Stefan Buckridge
478,Paulina Kautzer
479,Earlie Dare
480,Karine Gibson
481,Ivette Friesen
482,Micha Kirlin
483,Loraine Kutch
484,Walker Hayes
485,Tim Jerde
486,Ryan Stiedemann
487,Keith Schuppe
488,Olen Hoppe
489,Ollie Powlowski
490,Essie Nicolas
491,Saran Fadel
492,Clare Lubowitz
493,Catheryn Christiansen
494,Ted Kulas
495,Jason Robel
496,Orval McDermott
497,Camelia O'Hara
498,Maryjane Jacobson
499,Leon Yundt
500,Desire Waelchi
501,Arthur Johnson
502,Xuan Blick
503,Leonard Sawayn
504,Astrid Predovic
505,Armando Pagac
506,Warren Abshire
507,Jess Dicki
508,Edward Huel
509,Leigh Osinski
510,Jamey Waters
511,Hai Quitzon
512,Nicky Sawayn
513,Tonya Beahan
514,Le Jast
515,Denice Kessler
516,Elba Stark
517,Andres Wuckert
518,Logan Walter
519,Ginette Mueller
520,Zachariah Adams
521,Quinn Cassin
522,Gerry Kemmer
523,Daina Dach
524,Camille King
525,Erick Keeling
526,Dorian Rippin
527,Ignacio Bogan
528,Stewart Gerlach
529,Wiley Grant
530,Van Hoeger
531,Madaline Beatty
532,Mara Dicki
533,Rafael Beatty
534,Donovan Harvey
535,Newton Cartwright
536,Stephany Padberg
537,Steven Graham
538,Heath Hessel
539,Jenna Shields
540,Loren Bogisich
541,Elroy Emmerich
542,Sherwood Orn
543,Dale Jones
544,Courtney Murazik
545,Shay Stark
546,Zulma Schaefer
547,Norman Kulas
548,Sam Huels
549,Ji Reynolds
550,Angelina Harris
551,Fredia Jerde
552,Royal Deckow
553,Maynard Kiehn
554,Eladia Grady
555,Darwin Oberbrunner
556,Felice Bergstrom
557,Burt Glover
558,Carlota Davis
559,Tara Bernier
560,Rogelio Halvorson
561,Lesli Ratke
562,Brady Olson
563,Alda Becker
564,Edra Friesen
565,Teresita Hermann
566,Brenton Blanda
567,Don Gibson
568,Rudolph Breitenberg
569,Sammy Schinner
570,Royce Kshlerin
571,Tony Corwin
572,Sylvie Zieme
573,Rolf Heidenreich
574,Malik Farrell
575,Landon Labadie
576,Darlene Hirthe
577,Dale White
578,Kaylee Labadie
579,Jammie Breitenberg
580,Yelena Grimes
581,Filiberto Auer
582,Santo Ledner
583,Lyndon Goodwin
584,Maple Langworth
585,Theresa Cronin
586,Jere Stamm
587,Tessie Corkery
588,Loraine Hessel
589,Jerold Swift
590,Maryalice Hammes
591,Portia Goodwin
592,Courtney Fritsch
593,Dwain Kemmer
594,Shae Hammes
595,Alex Cremin
596,Janine Rosenbaum
597,Tina Bogisich
598,Jan Klein
599,Maxima Jast
600,Wilbert Mayer
601,Robert Swaniawski
602,Chanelle Hettinger
603,Asa Green
604,Dan Ritchie
605,Cornell Waters
606,Katelyn Streich
607,Jarvis Ondricka
608,Shelton Dooley
609,Ernie Goyette
610,Tony Schiller
611,Josphine Abshire
612,Joshua Schowalter
613,Launa Hettinger
614,Aaron Prosacco
615,Donovan Rippin
616,Logan Littel
617,Alleen Frami
618,Harland Yost
619,Sherman Herman
620,Risa Okuneva
621,Chauncey Sipes
622,Shaun Heidenreich
623,Santiago Cremin
624,Glen Ritchie
625,Salvatore Lueilwitz
626,Bud Schimmel
627,Ailene Windler
628,Fausto Johns
629,Tamara Lesch
630,Chante Lind
631,Jeni Rogahn
632,Terry Lubowitz
633,Damian Pagac
634,Owen Feeney
635,Kirsten Schulist
636,Roosevelt Lebsack
637,Latosha Nolan
638,Bryan Brakus
639,Nam Marks
640,Brittaney Lind
641,Chantel Collier
642,Victor Torp
643,Stephany Ortiz
644,Ben Cummerata
645,Tyrell Conn
646,Sylvester Brown
647,Wilfred Smith
648,Jeni Mertz
649,Edythe Goldner
650,Reyes Hessel
651,Sadye O'Kon
652,Erwin Paucek
653,Kiara Thiel
654,Niesha Hartmann
655,Anisha Kutch
656,Davina Bosco
657,Thanh Leffler
658,Temple Wiegand
659,Lanell Willms
660,Jacob Paucek
661,Liane Yost
662,Wilda Orn
663,Valeria Cole
664,Florine Hoppe
665,Lindy Swaniawski
666,Phylis Glover
667,Jami Krajcik
668,Mafalda Marks
669,Debi Gutmann
670,Jo Hartmann
671,Darrin Mitchell
672,Santina Trantow
673,Jamal Rolfson
674,Millie Romaguera
675,Nerissa Jerde
676,Johnathon Lebsack
677,Prince Hyatt
678,Sydney Lueilwitz
679,Hiram Ferry
680,Trey Muller
681,Dallas Schinner
682,Bernardo Mertz
683,Rex Gibson
684,Roni Brown
685,Gia Shanahan
686,Margo Moen
687,Hai Barrows
688,Milagros Kohler
689,Lesley Kuvalis
690,Jeanne Klein
691,Herta Boehm
692,Berry Douglas
693,Humberto Hand
694,Hyman Ward
695,Cole Crona
696,Kasie McCullough
697,Raphael Padberg
698,Danielle Sanford
699,Tisa Dibbert
700,Terence Pacocha
701,Roy Hintz
702,Debbie Rutherford
703,Marcelo Fay
704,Brad Conroy
705,Nolan Harris
706,Marilynn Schmeler
707,Arleen Schuster
708,Wilford Leffler
709,Rob Wiza
710,Grant Ullrich
711,Ivy Simonis
712,Angela Lind
713,Sima Ullrich
714,Sulema Runolfsdottir
715,Karlene Beahan
716,Jimmie Schamberger
717,Sylvester Dare
718,Darwin Robel
719,Audra Runolfsdottir
720,Garry Toy
721,Angela Ziemann
722,Bong Carter
723,Rochel Stracke
724,Janay Collins
725,Gerald Lemke
726,Lakenya Kassulke
727,Laurene McDermott
728,Laura Wiza
729,Moises Feeney
730,Chantell Schmeler
731,Nathan Hermiston
732,Loyd Bradtke
733,Mckinley Schuster
734,Layla Dibbert
735,Sheilah Strosin
736,Marcus O'Hara
737,Lakisha Gorczany
738,Darwin Wisoky
739,Tod Huel
740,Ivory Kassulke
741,Kendrick Williamson
742,Tyrell Veum
743,Tereasa Terry
744,Kirby Lakin
745,Artie Spencer
746,Denese Stark
747,Ashley Grady
748,Bobby Cole
749,Delpha Reilly
750,Dallas Stokes
751,Rachele McDermott
752,Lindsay Hills
753,Tifany Koelpin
754,Napoleon Rempel
755,Liana Kovacek
756,Solomon Abshire
757,Mitchel Gusikowski
758,Cody Tillman
759,Blanch Raynor
760,Simon Botsford
761,Sydney VonRueden
762,Harrison Wolf
763,Jay Morar
764,Ramon Ernser
765,Ashley Wisozk
766,Laquita West
767,Kim Romaguera
768,Chang Crooks
769,Regine Turner
770,Cedric Turner
771,Osvaldo McGlynn
772,Rachelle Stokes
773,Tyesha Rath
774,Arica Rogahn
775,Donald Olson
776,Guy Nolan
777,Xavier Hand
778,Darryl Lesch
779,Jerlene Yundt
780,Eura Kutch
781,Palmer Feeney
782,Viki Rippin
783,Chung Beer
784,Kenia Murazik
785,Keith Bechtelar
786,Jacques Stokes
787,Martin Dach
788,Ezra Okuneva
789,Lucien Stanton
790,Deena Jacobs
791,Elma Block
792,Mamie Lueilwitz
793,Elroy Graham
794,Delma Block
795,Claudia Koss
796,Fermin Pfannerstill
797,Charley Hilpert
798,Andree Senger
799,Nathanial Hirthe
800,Gregg Deckow
801,Stanton Bins
802,Corinna Volkman
803,Chanelle DuBuque
804,Velma O'Kon
805,Beatris Upton
806,Myriam Auer
807,Murray Kessler
808,Michel Cole
809,Jonathon Ebert
810,Rona Pollich
811,Donnetta Sporer
812,Celesta Runolfsdottir
813,Delmar Ullrich
814,Cayla Lakin
815,Kirk Hansen
816,Raleigh Bogisich
817,Wilmer Heidenreich
818,Garfield Daniel
819,Hanna Casper
820,Ermelinda Littel
821,Venessa Bosco
822,Byron Heathcote
823,Odelia Schuppe
824,Kieth Durgan
825,Cori Moen
826,Felipe Wilderman
827,Verla Funk
828,Kristopher Schaden
829,Debra Boyer
830,Francesco Larkin
831,Bobbie Zieme
832,Christine Kautzer
833,Alona Baumbach
834,Shirley Oberbrunner
835,Clarine Frami
836,Sherell Wunsch
837,Olympia Howell
838,Fiona Kirlin
839,Grisel Gleason
840,Cathrine Jakubowski
841,Kurt Reinger
842,Cathrine Hodkiewicz
843,Shayne O'Connell
844,Arnulfo Bernier
845,Vannessa Gibson
846,Ellena Ziemann
847,Dell Huels
848,Rogelio Schaefer
849,Katy Farrell
850,Pura Simonis
851,Kathey Ritchie
852,Catherine Balistreri
853,Lili Breitenberg
854,Cletus Monahan
855,Rafael Ullrich
856,Toi Bogan
857,Zachery Hermiston
858,Fern Sipes
859,Jude Hilll
860,Sherlyn Abshire
861,Hazel Heidenreich
862,Claretta Ortiz
863,Casimira Leannon
864,Herschel Cole
865,Eusebio Haley
866,Adell Pfeffer
867,Walton Borer
868,Silvia Champlin
869,Ricky Pagac
870,Leo Herman
871,Loura Lemke
872,Cherryl Zieme
873,Sari Becker
874,Roxanna Gerhold
875,Aracelis Goyette
876,Sharla Lang
877,Melisa Ziemann
878,Felton Kihn
879,Patsy Harvey
880,Julieann Kuhic
881,Mariette Reichel
882,Madonna Leuschke
883,Andreas McKenzie
884,Carla Champlin
885,Shyla Hackett
886,Karl Waters
887,Ruben Hackett
888,Carman Schumm
889,Laurice Upton
890,Isaac Murphy
891,Shavonda Halvorson
892,Stephan Orn
893,Cecil Hyatt
894,Claude Hayes
895,Cornelia Lowe
896,Buddy Schamberger
897,Tamala Dicki
898,Jody Steuber
899,Fredda VonRueden
900,Tonie Little
901,Carlos Bayer
902,Lorine Erdman
903,Thurman VonRueden
904,Taylor Schuster
905,Angel Schoen
906,Rodger Wuckert
907,Lona Hermiston
908,Eldon Kuhn
909,Gregorio Emmerich
910,Irene Sauer
911,Eugenie Schumm
912,Jarred Hessel
913,Rafaela Osinski
914,Hyun Collins
915,Columbus Langosh
916,Emory Hilpert
917,Hassan Batz
918,Joseph Gottlieb
919,Quinn Mraz
920,Russell Wolff
921,Eric Weissnat
922,Neil Herzog
923,Malcolm Marquardt
924,Jonathan Reichert
925,Lacy Welch
926,Jeff Fadel
927,Tyesha Jones
928,August Ondricka
929,Gregg Ferry
930,Trinity Mitchell
931,Lauran Rau
932,Tanya Heidenreich
933,Elijah Schneider
934,Rosina Ondricka
935,Caleb Gleason
936,Lula Reilly
937,Wallace Mohr
938,Deane Feest
939,Young Becker
940,Andrew Grady
941,Rayford Breitenberg
942,Gordon Leuschke
943,Buford Stokes
944,Lonnie Cartwright
945,Clarence Kuhn
946,Mari Hessel
947,Meagan Waelchi
948,Karin Watsica
949,Delia Harber
950,Jamey Gottlieb
951,Theron Heaney
952,Elton O'Conner
953,Lana Raynor
954,Rob Kerluke
955,Hollis Collins
956,Minh White
957,Claudio McLaughlin
958,Chet Schultz
959,Darron Barrows
960,Leonel Hirthe
961,Mariam Bergstrom
962,Kyung Lemke
963,Allie Rutherford
964,Shirlee Koss
965,Hayley Wiza
966,Daryl Kiehn
967,Mitsuko Hagenes
968,Tawna Runte
969,Antwan Buckridge
970,Theron Greenholt
971,Justin Graham
972,Federico Fahey
973,Mario Roob
974,Zachary Sipes
975,Alethea Schulist
976,Kacy Weber
977,Gerry Smitham
978,Arielle VonRueden
979,Gema Bauch
980,Samual Hahn
981,Roxanna Botsford
982,Anibal Zieme
983,Nia Murazik
984,Abdul Johns
985,Brook Hane
986,Cecile Weissnat
987,Lincoln Powlowski
988,Theola O'Conner
989,Ira Kuhlman
990,Tammi Marquardt
991,Michel Goodwin
992,Shavonda Rutherford
993,Charlyn Rogahn
994,Lavona Morissette
995,Iraida Christiansen
996,Lazaro Collins
997,Madeleine Doyle
998,Hershel Murazik
999,Ranee Labadie
1000,Chantelle Schmeler
1001,Agustin Kirlin
1002,Lurline Hilpert
1003,Kandace Steuber
1004,Janett Champlin
1005,Veronique Moore
1006,Amee Herzog
1007,Neta Jones
1008,Marion Johns
1009,Gilberto Becker
1010,Jude Funk
1011,Goldie Hills
1012,Melisa Gutkowski
1013,Maisie Feest
1014,Harry Borer
1015,Davis Becker
1016,Bee Breitenberg
1017,Eusebia Littel
1018,Louanne Price
1019,Jean Schneider
1020,Gilma Nienow
1021,Lionel Rowe
1022,Val Heathcote
1023,Theresa Stamm
1024,Louanne Kiehn
1025,Duane Armstrong
1026,Val Cremin
1027,Dario Raynor
1028,Issac Bailey
1029,Manda Hoppe
1030,Omer Rempel
1031,King Dach
1032,Marjory Runte
1033,Enrique Sipes
1034,Austin Stamm
1035,Lakenya Kertzmann
1036,Marco McDermott
1037,Peter O'Hara
1038,Monica Ziemann
1039,Ernie Ruecker
1040,Melvina Koch
1041,Ronald Frami
1042,Amada Robel
1043,Dodie Ankunding
1044,Nenita Cartwright
1045,Tomika Mayer
1046,Arnita Funk
1047,Alana Parisian
1048,Jovan Rath
1049,Roosevelt Hackett
1050,Jason Haley
1051,Dave Farrell
1052,Almeda Olson
1053,Rudolph Tromp
1054,Arnoldo Tremblay
1055,Chelsie Kilback
1056,Cami Dare
1057,Jae Treutel
1058,Lajuana Dooley
1059,Mao Bergnaum
1060,Kirstie Dickinson
1061,Nelida Gislason
1062,Phil Schumm
1063,Rocky Dickens
1064,Will Jenkins
1065,Abdul Auer
1066,Sang Labadie
1067,Stacy Purdy
1068,Clara Pouros
1069,Monica Huels
1070,Karolyn King
1071,Demarcus Marks
1072,William Rowe
1073,Soila Flatley
1074,Maya Ward
1075,Peggy Weimann
1076,Roselle Feest
1077,Josh Ondricka
1078,Valorie Reilly
1079,Catalina Carroll
1080,Denny Wisozk
1081,Kenyatta Murphy
1082,Scottie Reynolds
1083,Renaldo Howe
1084,Hank Feest
1085,Herman Orn
1086,Meaghan Satterfield
1087,Galen Lowe
1088,Sandy Doyle
1089,Gisele Hilpert
1090,Bryan Schuppe
1091,Elden Ortiz
1092,Emanuel Thiel
1093,Brittany Schiller
1094,Phillip Lindgren
1095,Quinton Braun
1096,Bunny Dickens
1097,Cindy Harvey
1098,Rachell Baumbach
1099,Luciano Walker
1100,Larry Wuckert
1101,Vita Schulist
1102,Murray Trantow
1103,Mayola Koch
1104,Anabel Crona
1105,Louis Wilderman
1106,Sadie Turner
1107,Juanita Braun
1108,Scott Wisoky
1109,Maddie Dickens
1110,Josh Rodriguez
1111,Gillian Gulgowski
1112,Adolfo Ondricka
1113,Darell Fahey
1114,Gavin Windler
1115,Sal Carroll
1116,Susann Ortiz
1117,Magdalena Bradtke
1118,Rudolph Wunsch
1119,Tracey Shields
1120,Mable Adams
1121,Sal Kirlin
1122,Leda Blick
1123,Camie Powlowski
1124,Margot Jaskolski
1125,Mack Wunsch
1126,Dina Feil
1127,Rich Weber
1128,Rodrigo Smitham
1129,Austin Leuschke
1130,Nigel Bayer
1131,Alene Berge
1132,Augustine Hills
1133,Sebrina Hegmann
1134,Gala Klein
1135,Jonas Macejkovic
1136,Lenard Blanda
1137,Jorge Sawayn
1138,Marielle Wintheiser
1139,Foster Greenholt
1140,Moses Langosh
1141,Temika Hegmann
1142,Heidy Bogan
1143,Deshawn Cummerata
1144,Marlana Turcotte
1145,Wendolyn Jaskolski
1146,Ismael Kessler
1147,Dee Funk
1148,Jody Hirthe
1149,Brooks Rohan
1150,Amiee Dickens
1151,Hector Stroman
1152,Marielle Muller
1153,Ashanti Volkman
1154,Waylon Pfannerstill
1155,Amparo Jakubowski
1156,Reginald Rohan
1157,Kaitlin Graham
1158,Benedict Volkman
1159,Johnson Keebler
1160,Loyd Nicolas
1161,Kary Borer
1162,Valentin Frami
1163,Antone Mante
1164,Geraldo Auer
1165,Season Boyer
1166,Amos Hackett
1167,Del Wuckert
1168,Laci Jakubowski
1169,Luther Leannon
1170,Kandace Jakubowski
1171,Rodrick Gleichner
1172,Nickolas Nolan
1173,Kiana Stokes
1174,Karl Bergnaum
1175,Alessandra Willms
1176,Hui Baumbach
1177,Julius Koelpin
1178,Trish Cruickshank
1179,Noma Rutherford
1180,Marquetta Hickle
1181,Serita Baumbach
1182,Lesley Reilly
1183,Kristian Blick
1184,Bryce Kris
1185,Otto Bernhard
1186,Joel Ryan
1187,Melania VonRueden
1188,Breann Schinner
1189,Hans Purdy
1190,Lee Rohan
1191,Deanne Kutch
1192,Keitha Haley
1193,Mirella Beer
1194,Hazel Weber
1195,Erasmo Runte
1196,Arnulfo D'Amore
1197,Stacy Smith
1198,Claire Goodwin
1199,Augustine Bayer
1200,Rikki Gibson
1201,Mickey Okuneva
1202,Charlyn Jacobi
1203,Norman Crooks
1204,Adolfo Ortiz
1205,Lina Reynolds
1206,Allen Gerlach
1207,Clorinda Wisozk
1208,Elisabeth Lockman
1209,Ivette Kilback
1210,Lera Connelly
1211,Geraldo Beier
1212,Dwight Pacocha
1213,Lino Schowalter
1214,Gordon O'Connell
1215,Sheldon Konopelski
1216,Eli Mayert
1217,Jody Abshire
1218,Tricia Hartmann
1219,Quentin Cole
1220,Angelic Homenick
1221,Corinne Gutmann
1222,Archie O'Reilly
1223,Misha Kiehn
1224,Deidra Legros
1225,Anthony Quigley
1226,Vena Wintheiser
1227,Florentino Deckow
1228,Darnell Corwin
1229,Johnette Wuckert
1230,Doyle Dach
1231,Trent Sauer
1232,Laquanda Ziemann
1233,Sammie Kertzmann
1234,Dina Rosenbaum
1235,Irvin Brakus
1236,January Steuber
1237,Trish Senger
1238,Beaulah Wisoky
1239,Rayford Satterfield
1240,Anamaria Deckow
1241,Harry Schinner
1242,Raymundo O'Connell
1243,Linette Bergstrom
1244,Emerson O'Connell
1245,Carley Strosin
1246,Eugenio Walter
1247,Wilmer Langworth
1248,Jude Feil
1249,Jannet Schulist
1250,Jarred Kris
1251,Howard Moen
1252,Jamaal Dooley
1253,Laverne Sporer
1254,Corey Luettgen
1255,Ronnie Rosenbaum
1256,Lesley O'Kon
1257,Rodrigo Kertzmann
1258,Rocio O'Reilly
1259,Ed Fadel
1260,Cody McDermott
1261,Michael Senger
1262,Will Kertzmann
1263,Adan Langosh
1264,Jordan Feest
1265,Karleen Durgan
1266,Earle Feeney
1267,Hye Ziemann
1268,Shayne Ebert
1269,Myrna MacGyver
1270,Ed Collins
1271,Clifton Beahan
1272,Catherine Hodkiewicz
1273,Cheryle Gleichner
1274,Lavonia Runolfsdottir
1275,Herbert Rippin
1276,Idell Schultz
1277,Roman Feeney
1278,Parker Pfeffer
1279,Colin Blanda
1280,Cher Glover
1281,Ozzie Doyle
1282,Belia McGlynn
1283,Olga Kiehn
1284,Tawanda Wyman
1285,Jenifer Lakin
1286,Shelby Smith
1287,Ailene Smith
1288,Franklyn Goyette
1289,Zula Gutkowski
1290,Xiao Wisoky
1291,Doreen Orn
1292,Efren Hintz
1293,Denny Schumm
1294,Dawna Lindgren
1295,Angelina Altenwerth
1296,Jamie Buckridge
1297,Verlene Funk
1298,Linwood Von
1299,Daryl Greenholt
1300,Laquanda Runolfsdottir
1301,Tamiko Morar
1302,Brady Nicolas
1303,Cris Fadel
1304,Ian Little
1305,Sal Hegmann
1306,Mervin Braun
1307,Nikki Dibbert
1308,Shelby Sauer
1309,Reuben Breitenberg
1310,Fermin McDermott
1311,Virgilio Thompson
1312,Angel Bruen
1313,Johnette Emmerich
1314,Takisha McGlynn
1315,Micheal Bogisich
1316,Julio Jaskolski
1317,Douglass Padberg
1318,Shantae Boyer
1319,Delena Mohr
1320,Yong Sauer
1321,Rebekah Boyle
1322,Solomon Rice
1323,Chad Walsh
1324,Emilio Douglas
1325,Frank Beier
1326,Augustus Schaden
1327,Kendrick Barton
1328,Jarrod Maggio
1329,Maxwell Reynolds
1330,Norris Kshlerin
1331,Classie Lesch
1332,Maura Erdman
1333,Blake Ondricka
1334,Isiah Kunze
1335,Delois Kihn
1336,Giuseppe Satterfield
1337,Ozell Wiegand
1338,Sheila Thiel
1339,Terrilyn Murphy
1340,Freddie Lind
1341,Tyler Kuhlman
1342,Arminda Willms
1343,Todd Schumm
1344,Bradly Crona
1345,Kris MacGyver
1346,Elanor Hamill
1347,Felisha Schroeder
1348,Phyllis Koepp
1349,Hershel Bradtke
1350,Jackie Schoen
1351,Horacio Armstrong
1352,Garland O'Conner
1353,Marianne Tromp
1354,Lesia Spinka
1355,Fritz Sawayn
1356,Odessa Lesch
1357,Lashawnda D'Amore
1358,Adrienne Runolfsson
1359,Jason Dibbert
1360,Pamela Stokes
1361,Germaine Ratke
1362,Gil Pfannerstill
1363,Klara Brakus
1364,Jimmie Aufderhar
1365,Seema Grant
1366,Corey Skiles
1367,Mike Bergstrom
1368,Davina Cummerata
1369,Sam Thompson
1370,Willis Friesen
1371,Delmer Buckridge
1372,Phyllis Roberts
1373,Percy Purdy
1374,Jeffry Ledner
1375,Devora DuBuque
1376,France Harber
1377,Lowell Torphy
1378,Edda Schuppe
1379,Bruno Gerhold
1380,Gale Aufderhar
1381,Buddy Moore
1382,Geralyn Hammes
1383,Avery Sauer
1384,Stewart Walter
1385,Ruthann Abernathy
1386,Kory Mann
1387,Adan Nolan
1388,Astrid Satterfield
1389,Lauryn Kassulke
1390,Cammie Kovacek
1391,Alexander Walsh
1392,Giuseppe Muller
1393,Malika Wolff
1394,Chadwick Kessler
1395,Cleveland McClure
1396,Raleigh Moen
1397,Dwayne Kohler
1398,Izola Weissnat
1399,Mark Mohr
1400,Jimmie Kreiger
1401,Randal Jacobs
1402,Pandora Spencer
1403,Jonie Leannon
1404,Gigi Herzog
1405,Rigoberto Mann
1406,Val Gibson
1407,Sherika Beer
1408,Emmanuel Zieme
1409,Darrell Brekke
1410,Nilsa Koch
1411,Neely Adams
1412,Sherwood Bartoletti
1413,Kirk Hauck
1414,Kum Stroman
1415,Archie Mosciski
1416,Sang Gottlieb
1417,Genoveva Wisoky
1418,Lupita Jacobson
1419,Irwin Swift
1420,Jenniffer Gutkowski
1421,Marvis Boehm
1422,Roscoe Ziemann
1423,Antonetta Block
1424,Kellie Hoppe
1425,Toby Hettinger
1426,Hilary Hoeger
1427,Odell Kshlerin
1428,Devon Ratke
1429,Delilah Heathcote
1430,Judson Hodkiewicz
1431,Donn Luettgen
1432,Hilary Wyman
1433,Will Kirlin
1434,Palmer Wilderman
1435,Dale O'Conner
1436,Ashley D'Amore
1437,Leandra Marks
1438,Chase Kovacek
1439,Ryan Nikolaus
1440,Corina Waters
1441,Lester Bergnaum
1442,Georgeann Senger
1443,Leon Hilpert
1444,Beaulah Goodwin
1445,Quyen Bartoletti
1446,Lindsay Gislason
1447,Delores Zulauf
1448,Michelle Volkman
1449,Jonathon Von
1450,Stephane Hodkiewicz
1451,Edison Veum
1452,Jae Maggio
1453,Willie Carroll
1454,Ellie Legros
1455,Lenard Wintheiser
1456,Blaine Predovic
1457,Clyde Bahringer
1458,Christian Weissnat
1459,Oren Kuvalis
1460,Hollis Kertzmann
1461,Ben Wyman
1462,Damion Carroll
1463,Dillon Hudson
1464,Alanna Kautzer
1465,Hyman Klein
1466,Arnita White
1467,Anh Stokes
1468,Allyn Lind
1469,Vaughn Kutch
1470,Kourtney Erdman
1471,Boyd Pollich
1472,Elenor Hammes
1473,Gregorio Glover
1474,Danial Kutch
1475,Reuben Dach
1476,Reynaldo Kreiger
1477,William Greenholt
1478,Pedro Wolf
1479,Gerri Mann
1480,Serina Murazik
1481,Dan Conn
1482,Cameron Hudson
1483,Cristopher Schiller
1484,Donny Baumbach
1485,Newton Fritsch
1486,Larry Nicolas
1487,Lupita Ziemann
1488,Jerrod Dach
1489,Elza Crona
1490,Reginald Wolf
1491,Linda Reinger
1492,Barney Douglas
1493,Victor Roberts
1494,Jessi Stracke
1495,Myra Kemmer
1496,Nolan Murphy
1497,Elke Wyman
1498,Shelby Rodriguez
1499,Curtis Ortiz
1500,Johanna Beatty
1501,Henry Kiehn
1502,Noel Christiansen
1503,Jo Casper
1504,Everett Bashirian
1505,Hershel Grady
1506,Kraig Kiehn
1507,Ivory Murphy
1508,Corene Keebler
1509,Stanton Rogahn
1510,Vergie Pollich
1511,Walter Greenholt
1512,Carley Altenwerth
1513,Jared Trantow
1514,Mindi Glover
1515,Kirsten Hammes
1516,Donnette Abbott
1517,Ricki Ondricka
1518,Jonna Veum
1519,Carson Schmitt
1520,Velda Sanford
1521,Tammie Goyette
1522,Alethea Purdy
1523,Fern Grant
1524,Rosio Romaguera
1525,Kimber Lowe
1526,Robt Yundt
1527,Fanny Reilly
1528,Garland Glover
1529,Julio Nolan
1530,Maynard Kassulke
1531,Adolfo Abernathy
1532,Hildred Schimmel
1533,Doyle Jacobi
1534,Wilford Stracke
1535,Jessie Hettinger
1536,Freda Adams
1537,Malika Smitham
1538,Raul Bergnaum
1539,Marcel Larkin
1540,Zana Goodwin
1541,Arron Langosh
1542,Georgeanna Barton
1543,Berry Predovic
1544,Mika Lockman
1545,Ramiro Konopelski
1546,Zelma Emard
1547,Vonda DuBuque
1548,Ned Leannon
1549,Dian Marvin
1550,Christa Leuschke
1551,Neil Morar
1552,Elmer Kihn
1553,Laure Larkin
1554,Rosalyn Williamson
1555,Foster Turner
1556,Virgil Paucek
1557,Jeffery Haag
1558,Lottie Bosco
1559,Brock Dach
1560,Florentino Schiller
1561,Darryl Collins
1562,Myra Runolfsdottir
1563,Vern Labadie
1564,Nicolas Dickens
1565,Dennis Rosenbaum
1566,Griselda Hegmann
1567,Charles Beer
1568,Steve O'Hara
1569,Deon Schulist
1570,Darron Dibbert
1571,Elmira Flatley
1572,Shasta Bechtelar
1573,Shantel Vandervort
1574,Monet Shields
1575,Bao Becker
1576,Christian Fritsch
1577,Henry Bergstrom
1578,Darin Stamm
1579,Cary Walsh
1580,Wilhemina Lind
1581,Tyler Rosenbaum
1582,Reba Lemke
1583,Ramiro Gottlieb
1584,Pearl Reilly
1585,Tenesha Dietrich
1586,Marina Maggio
1587,Lucio Bergnaum
1588,Junior Fadel
1589,Shavonda Lind
1590,Rex Reinger
1591,Lucius Klein
1592,Roosevelt Batz
1593,Luigi Wilkinson
1594,Emerson Christiansen
1595,Criselda Bode
1596,Norman Crooks
1597,Bradford Hansen
1598,Enoch MacGyver
1599,Marion McGlynn
1600,Zina Dooley
1601,Temeka Daniel
1602,Lamont Boyer
1603,Abdul Schoen
1604,Bryce Cormier
1605,Giuseppe Lindgren
1606,Stacia Conroy
1607,Ivonne Douglas
1608,Alana Auer
1609,Winnifred Halvorson
1610,Brant Bruen
1611,Juliet Satterfield
1612,Whitney Effertz
1613,Magnolia McDermott
1614,Buddy Reichel
1615,Gabriele Runolfsdottir
1616,Norbert Marvin
1617,Rich Kunze
1618,Daisy Stanton
1619,Oleta Blick
1620,Ivory Ratke
1621,Dominga Torphy
1622,Modesto Greenholt
1623,Richie McLaughlin
1624,Clair Breitenberg
1625,Kristopher Collins
1626,Basilia Treutel
1627,Edison Okuneva
1628,Broderick Olson
1629,Jaqueline Gutkowski
1630,Randa Waelchi
1631,Cecil Fritsch
1632,Ahmad Metz
1633,Tyron Reilly
1634,Cameron Simonis
1635,Ami Schaefer
1636,Douglass Rutherford
1637,Issac Abernathy
1638,Lou Toy
1639,Silva Murray
1640,Jame Lehner
1641,Ute Boehm
1642,Kerry Altenwerth
1643,Hal Stoltenberg
1644,Shan Miller
1645,Seth Schaden
1646,Dwayne Wolff
1647,David Runte
1648,Rozanne Schumm
1649,Kayleen Wiza
1650,Nicky Davis
1651,Warren Powlowski
1652,Mauro Langworth
1653,Rubye Medhurst
1654,Leoma Pouros
1655,Hassan Wiegand
1656,Normand Murazik
1657,Emerald Casper
1658,Ashli Tromp
1659,Armando Kovacek
1660,Lindsay Feest
1661,Robena Friesen
1662,Olympia Zieme
1663,Joshua Baumbach
1664,Mac Ebert
1665,Denis Robel
1666,Arturo Waters
1667,Toney Kris
1668,Sybil Carter
1669,Colin Mills
1670,Terrence Daniel
1671,Ahmad Walter
1672,Aurelio Waters
1673,Lilia Walter
1674,Holley Renner
1675,Napoleon Nolan
1676,Lacy Greenfelder
1677,Fritz Dooley
1678,Erna Jerde
1679,Marcelino Mohr
1680,Johnnie Kautzer
1681,Marty Connelly
1682,Abram Connelly
1683,Kendra Murphy
1684,Jin Hessel
1685,Ellis Mraz
1686,Carmine Morar
1687,Reggie Frami
1688,Fabian Beer
1689,Claire Casper
1690,Numbers Towne
1691,Milford Leuschke
1692,Elda Nicolas
1693,Dylan Halvorson
1694,Kathern Bradtke
1695,Jodi Rogahn
1696,Tynisha Treutel
1697,Ena Weber
1698,Kylee Thiel
1699,Faustino Heaney
1700,Rosendo Howell
1701,Deeanna Carter
1702,Ling Cummerata
1703,Dominick Conroy
1704,Glennis Altenwerth
1705,Rufus Williamson
1706,Eulah Langosh
1707,Deirdre Runolfsson
1708,Adah Murray
1709,Darline Mitchell
1710,Foster Rodriguez
1711,Alvaro Ritchie
1712,Tracy Gleason
1713,Cherise Koelpin
1714,Ora Heller
1715,Peggie Towne
1716,Paul Berge
1717,Dimple Lubowitz
1718,Gwendolyn Yost
1719,Kisha Kautzer
1720,Leonard Osinski
1721,Jocelyn Kemmer
1722,Edward Vandervort
1723,Brigitte Turcotte
1724,Forest Bashirian
1725,Laurence Gerlach
1726,Johnathon Turcotte
1727,Francina Bogisich
1728,Jules Predovic
1729,Carley White
1730,Giovanni Considine
1731,Ginny Baumbach
1732,Cecila Wiza
1733,Garfield Wuckert
1734,Elisha Anderson
1735,Herb Heaney
1736,Josie Larson
1737,Kyle Lang
1738,Raleigh Breitenberg
1739,Deetta Padberg
1740,Lahoma Jones
1741,Leroy Hirthe
1742,Gayle Yost
1743,Odell Beatty
1744,Daren Hoppe
1745,Janelle Maggio
1746,Sharleen Schuster
1747,Lannie Brekke
1748,Amira Torphy
1749,Hans Wiza
1750,Luigi Kuvalis
1751,Sheri Witting
1752,Stefania Zulauf
1753,Veronica Lind
1754,Annamarie Haag
1755,Gracie Conroy
1756,Broderick O'Hara
1757,Isis Romaguera
1758,Hilario Schaefer
1759,Rachelle Bergnaum
1760,Gwenda Schneider
1761,Sherman Beatty
1762,Johnnie Kohler
1763,Louvenia Gutkowski
1764,Tanner Spinka
1765,Merry Huels
1766,Lazaro Grady
1767,Milford Stracke
1768,Alphonso Schinner
1769,Brenton Ondricka
1770,Demarcus Casper
1771,Pierre Tremblay
1772,Larry Abernathy
1773,Tuan Halvorson
1774,Shelton Pacocha
1775,Tad Moen
1776,Sang Larkin
1777,Hoa Corkery
1778,Mohammad Gibson
1779,Tai Watsica
1780,Francis Volkman
1781,Jan Mertz
1782,Jesusa Hansen
1783,Hugh Grimes
1784,Luigi Lehner
1785,Miles Ankunding
1786,Francisca Homenick
1787,Jon Braun
1788,Keila Brakus
1789,Greg Reichert
1790,Eloy Gerlach
1791,Tami Hettinger
1792,Diego Hane
1793,Jenae Keebler
1794,Leilani Luettgen
1795,Abram Ankunding
1796,Carry Will
1797,Camie Beier
1798,Son Graham
1799,Hester Nikolaus
1800,Alec Jacobi
1801,Tiera Beahan
1802,Gerry Greenfelder
1803,Heather Carroll
1804,Diedre Medhurst
1805,Chelsie Feest
1806,Ha Larson
1807,Lasonya Cassin
1808,Tatiana Hane
1809,David Kuphal
1810,Jamison Turner
1811,Tommy Corkery
1812,Royce Cummings
1813,Pete Brown
1814,Blair Osinski
1815,Len Friesen
1816,George Jaskolski
1817,Leda Bauch
1818,Amado Mitchell
1819,Patricia Cartwright
1820,Zackary Adams
1821,Loren Murray
1822,Christina Pollich
1823,Consuelo Abshire
1824,Brian Carroll
1825,Ernie Turner
1826,Leo Pacocha
1827,Rickey Medhurst
1828,Lynelle Russel
1829,Sulema Hand
1830,Frederic Considine
1831,Pierre Hayes
1832,Maynard Schneider
1833,Anh Mraz
1834,Leigh Daugherty
1835,Scotty Lynch
1836,Stevie Moore
1837,Dylan Torphy
1838,Noel Mohr
1839,Antonetta Hand
1840,Nelia Wilderman
1841,Dung Lesch
1842,Carmela Hirthe
1843,Rufus Schultz
1844,Jae Collier
1845,Jae McCullough
1846,Marquerite McCullough
1847,Ladawn Stracke
1848,Jana Reilly
1849,Elbert Raynor
1850,Terence Abernathy
1851,Isiah Hermiston
1852,Ji Beer
1853,Star Rodriguez
1854,Amos Harber
1855,Hosea Cremin
1856,Shaina Ullrich
1857,Emory Heaney
1858,Abe Witting
1859,Darlene Heidenreich
1860,Josefa Schamberger
1861,Deandra Jerde
1862,Arnetta Dietrich
1863,Romeo Schowalter
1864,Hoyt Bernier
1865,Richard Cummings
1866,Delaine Will
1867,Jody Smith
1868,Sunni Stamm
1869,Dominic Lubowitz
1870,Chan Nader
1871,Shanda Kulas
1872,Vance Torphy
1873,Shirleen Hayes
1874,Eun Veum
1875,Rena Nader
1876,Sharice Wisoky
1877,Loura Zieme
1878,Lacy Douglas
1879,Magali Howe
1880,Floyd Schneider
1881,Jeromy Johns
1882,Desiree Marks
1883,Dorthea Brakus
1884,Jim Dare
1885,Hipolito Kuhic
1886,Lazaro Witting
1887,Maryetta Jaskolski
1888,Andrea Borer
1889,Sueann Cormier
1890,Na Ward
1891,Donya Wintheiser
1892,Taren Murazik
1893,Art Fahey
1894,Arminda Lockman
1895,Corrie Russel
1896,Nestor Daniel
1897,Hae Jacobi
1898,Isaias Denesik
1899,Margot Feil
1900,Dakota Beahan
1901,Roxann Hilpert
1902,Angel Leannon
1903,Jere Stamm
1904,Neal Koss
1905,Earnest Schimmel
1906,Guillermo Bins
1907,Keenan Hagenes
1908,Lenny Daniel
1909,Luke Kub
1910,Antwan Olson
1911,Armando Prohaska
1912,Valda Bradtke
1913,Ron Pfeffer
1914,Dick Graham
1915,Rozella Toy
1916,Cristopher Wehner
1917,Jack Zulauf
1918,Ora Gusikowski
1919,Laverne Haag
1920,Lyle Mueller
1921,Osvaldo Metz
1922,Annette Farrell
1923,Dolly Huel
1924,Raymon Miller
1925,Bennie Thompson
1926,Hortensia Grant
1927,Juan Wintheiser
1928,Raymond Bechtelar
1929,Temika Dooley
1930,Raylene McLaughlin
1931,Mitch Emard
1932,Dann Ferry
1933,Lachelle Ledner
1934,Jama Larkin
1935,Kirstin Cruickshank
1936,Octavia Schroeder
1937,Lynn Feeney
1938,Buford Hoppe
1939,Chantell Hand
1940,Kareem Murphy
1941,Gwendolyn Wintheiser
1942,Stasia Heller
1943,Rolf Friesen
1944,Danny Satterfield
1945,Myrna Pfannerstill
1946,Yuki Hintz
1947,Maxwell Stamm
1948,Jin Wintheiser
1949,Allan Jacobi
1950,Nakisha Kautzer
1951,Agustin Hackett
1952,Necole Grady
1953,Terence Jenkins
1954,Everette Price
1955,Wally Kunze
1956,Armand Yundt
1957,Leandro Kemmer
1958,Hilaria Russel
1959,Soon Thiel
1960,Carolyne Brakus
1961,Gordon Walsh
1962,Aurelio Corwin
1963,Christoper Lockman
1964,Pamelia Mante
1965,Flavia Mraz
1966,Mechelle Conn
1967,Golden Bauch
1968,Nina Runolfsson
1969,Cris Dibbert
1970,Wilson Bins
1971,Damon Jones
1972,Lawrence Weissnat
1973,Dorene Pfannerstill
1974,Olive Ruecker
1975,Donna Senger
1976,Jere Harris
1977,Guadalupe Cassin
1978,Vickey Cremin
1979,Tory Bartoletti
1980,Crista Gusikowski
1981,Leonardo Hagenes
1982,Karan O'Kon
1983,Theodore Stoltenberg
1984,Wm Yundt
1985,Jaimie Beer
1986,Loris Weimann
1987,Carlita Flatley
1988,Jann Purdy
1989,Sarah Rau
1990,Drew Lehner
1991,Keli Murray
1992,Cleopatra Romaguera
1993,Sueann Kuvalis
1994,Candelaria Wilkinson
1995,Cheree Upton
1996,Aisha Goyette
1997,Ria Langosh
1998,Doretta Ward
1999,Elbert Predovic
2000,Adeline Mertz
2001,Jennie Windler
2002,Mardell Kirlin
2003,Juliann Rippin
2004,Gary Stehr
2005,Janene Kassulke
2006,Frankie Lindgren
2007,Nick Schneider
2008,Alberta Koelpin
2009,Cierra Heathcote
2010,Ross Mayer
2011,Rena Maggio
2012,Dan Bode
2013,Rosella Robel
2014,Antione Weber
2015,Garret Koss
2016,Marcy Luettgen
2017,Hanna Jacobson
2018,Gail Bode
2019,Dusti Cummerata
2020,Freddie Nitzsche
2021,Winnifred Jaskolski
2022,Nena Ondricka
2023,Cristobal Cassin
2024,Kira Dibbert
2025,Brady Jacobi
2026,Nakisha Schuppe
2027,Elden Quigley
2028,Tad Turner
2029,Norbert Pollich
2030,Ernie Pouros
2031,Krissy Thompson
2032,Nola Schiller
2033,Jerrold Denesik
2034,Jason Senger
2035,Grazyna Dickens
2036,Octavio Gibson
2037,Erik Mann
2038,Lynwood Schneider
2039,Bo Bergstrom
2040,Tracy Corwin
2041,Lucas Denesik
2042,Ha Upton
2043,Elidia Ernser
2044,Danny Reilly
2045,Ken Rempel
2046,Scott White
2047,Tamar Treutel
2048,Marcellus Hermann
2049,Winona Corwin
2050,Nicky Gislason
2051,Gaylene Klocko
2052,Homer Lesch
2053,Felicidad Mosciski
2054,Daren Feest
2055,Lorenzo Armstrong
2056,Rowena Nitzsche
2057,Nigel Wilderman
2058,Wilson Borer
2059,Elly Bednar
2060,Hailey Wolf
2061,Bess Schumm
2062,Darrick Osinski
2063,Lenny VonRueden
2064,Reginald Howell
2065,Dawna Frami
2066,Cordia Kutch
2067,Stephen Orn
2068,Marge King
2069,Tegan Swaniawski
2070,Austin MacGyver
2071,Beckie Koch
2072,Timmy McGlynn
2073,Delaine Christiansen
2074,Maegan Schamberger
2075,Grady Ward
2076,Mindi Ward
2077,Wilhelmina VonRueden
2078,Carmelina Herzog
2079,Granville Davis
2080,Refugio Rutherford
2081,Destiny Connelly
2082,Lucienne Dickens
2083,Phil Larson
2084,Jocelyn Frami
2085,Isaias Hartmann
2086,Riley Jacobi
2087,Remona Schmidt
2088,Delois Osinski
2089,Chun Ledner
2090,Lorretta Satterfield
2091,Marquitta Walsh
2092,Hester Lang
2093,Usha Langosh
2094,Clora Waters
2095,Briana D'Amore
2096,Ashlea Buckridge
2097,Astrid Crona
2098,Trevor Johnson
2099,Normand Hessel
2100,Tambra Erdman
2101,Quiana Greenholt
2102,Erin Metz
2103,Su Wiza
2104,Roslyn Dibbert
2105,Daren Gerhold
2106,Joshua Little
2107,Pete Hagenes
2108,Marilyn Greenfelder
2109,Sonny Schultz
2110,Mendy Goodwin
2111,Sherman Will
2112,Nery Smith
2113,Theo Pfeffer
2114,Lucio Deckow
2115,Simon O'Kon
2116,Phil Kreiger
2117,Jose Stiedemann
2118,Boris Lakin
2119,Russel Pfeffer
2120,Abraham Cummings
2121,Daniel DuBuque
2122,Sarai Gerlach
2123,Tari Rutherford
2124,Lesha Vandervort
2125,Russel Lang
2126,Trena Kihn
2127,Josiah Zieme
2128,Krysten Treutel
2129,Lashawn Boyer
2130,Ettie Bailey
2131,Winfred Bartoletti
2132,Elliott Renner
2133,Michel Runolfsdottir
2134,Abdul Schultz
2135,Maurine Fritsch
2136,Emilie Waelchi
2137,Lawrence Bins
2138,Nanette Ortiz
2139,Terrell Hahn
2140,Charles Gerhold
2141,Porsha Hauck
2142,Brain Krajcik
2143,Bill Wolff
2144,Augustina Rippin
2145,Evan Leffler
2146,Christina Wiegand
2147,Ira Blanda
2148,Chadwick Morissette
2149,Lyle Roob
2150,Keith Effertz
2151,Cassondra Crist
2152,Jefferey Fritsch
2153,Mabelle Thompson
2154,Oren Lubowitz
2155,Luigi Prohaska
2156,Elisha Buckridge
2157,Samella Shields
2158,Gwendolyn Satterfield
2159,Astrid Rippin
2160,Julian McClure
2161,Lani Rempel
2162,Alva Miller
2163,Renita Lindgren
2164,Wm Hagenes
2165,Nisha Abshire
2166,Florentina Hirthe
2167,Glynda D'Amore
2168,Trenton Hammes
2169,Gregorio Tremblay
2170,Joshua Dibbert
2171,Leandro Crist
2172,Felicita O'Conner
2173,Corine Murazik
2174,Jenell Stracke
2175,See Stroman
2176,Carlos Wiegand
2177,Alise Hodkiewicz
2178,Dusty Baumbach
2179,Franchesca Oberbrunner
2180,Fe Stehr
2181,Dion Hermiston
2182,Clinton Daniel
2183,Alona Hodkiewicz
2184,Filiberto Thiel
2185,Waylon Pfeffer
2186,Ernesto Kessler
2187,Kory Schuppe
2188,Coral Robel
2189,Rey Rau
2190,Sharyl Pacocha
2191,Nakia Lehner
2192,Lettie Collins
2193,Jared Conn
2194,Lela Franecki
2195,Gwendolyn Kuhic
2196,Kory Batz
2197,Jordon Jakubowski
2198,Colby Balistreri
2199,Tien Hahn
2200,Sara Rippin
2201,Esmeralda Kuvalis
2202,Coy Kozey
2203,Cecille Murazik
2204,Dino Murphy
2205,Madelyn DuBuque
2206,Ezekiel Emard
2207,Isaiah Bahringer
2208,Elisa Hoeger
2209,Dwayne Ritchie
2210,Andra Legros
2211,Haydee Abshire
2212,Betty Ernser
2213,Shamika Doyle
2214,Will Mohr
2215,Bobbie Beer
2216,Paul Schuppe
2217,Cherry Cartwright
2218,Hilario Kuhn
2219,Lucrecia Huels
2220,Ahmed Altenwerth
2221,Erick Rau
2222,Juliane Sanford
2223,Cyril Robel
2224,Adriane Bins
2225,Stacy Carroll
2226,Gustavo Donnelly
2227,Javier VonRueden
2228,Roosevelt Lynch
2229,Noel Grady
2230,Lolita Feil
2231,Iola Fadel
2232,Linwood Ernser
2233,Justina Lowe
2234,Millard Upton
2235,Sheryl Kozey
2236,Kelley Schumm
2237,Ione Purdy
2238,Jenae Ferry
2239,Juliette Becker
2240,Anastasia Carroll
2241,Marcelo Bernier
2242,Waylon Walker
2243,Alicia Bradtke
2244,Clare Waelchi
2245,Phil Green
2246,Giovanni Yost
2247,Lucie O'Kon
2248,Travis Rodriguez
2249,Marty Hayes
2250,Dorothea Ullrich
2251,Dwayne Lynch
2252,Cornell Bailey
2253,Candra Zemlak
2254,Romeo Huel
2255,Tuan Christiansen
2256,Lauren Quitzon
2257,Rupert Stamm
2258,Melida Watsica
2259,Millicent Dietrich
2260,Davina Walsh
2261,Camilla Hodkiewicz
2262,Lamar Roob
2263,Carmelo Blick
2264,Charline Torphy
2265,Ivonne Zulauf
2266,Ardelle Stanton
2267,Mervin Abernathy
2268,Shawn Haley
2269,Francie Thiel
2270,Earle Ward
2271,Alexis Aufderhar
2272,Laurence Reynolds
2273,Micah Ritchie
2274,Donn Hahn
2275,Fletcher Lindgren
2276,Delaine Treutel
2277,Ima Cummings
2278,Man Larson
2279,Jamison Heathcote
2280,Twila Donnelly
2281,Antione Kunde
2282,Perry Fisher
2283,Birgit Roberts
2284,Kathrine Denesik
2285,Terry Bernier
2286,Lenard Feil
2287,Camie Berge
2288,Tiara Roberts
2289,Leia Tillman
2290,Myrl Schmidt
2291,Monica Wilderman
2292,Stacey Boyle
2293,Ozzie Runte
2294,Dorsey Hilpert
2295,Stacy Morar
2296,Florentino Stehr
2297,Lyndsey Upton
2298,Kasha Heidenreich
2299,Jeffry Ryan
2300,Renea Ferry
2301,Keli Monahan
2302,Modesto Conn
2303,Agripina Greenfelder
2304,Darwin Dach
2305,Mozelle Boehm
2306,Jacinta Lynch
2307,Genesis Berge
2308,Maude Kautzer
2309,Rudolf Funk
2310,Dotty Lubowitz
2311,Teodoro Durgan
2312,Alexis Schuster
2313,Olin Stark
2314,Juana Grady
2315,Yolonda Davis
2316,Olin Zemlak
2317,Scottie Lebsack
2318,April Klein
2319,Vito Funk
2320,Latrice Farrell
2321,Barb Block
2322,Warner Schaden
2323,Willie Hamill
2324,Nicolas O'Reilly
2325,Jovita Johns
2326,German Kshlerin
2327,Patria Corkery
2328,Kellie Schuster
2329,Ahmed Daniel
2330,Kati Kilback
2331,Loria Ziemann
2332,Leticia Mohr
2333,Roland Bernhard
2334,Dani Blanda
2335,Shaunte Hettinger
2336,Gabriele Bergstrom
2337,Adolph Jacobs
2338,Barrie Berge
2339,Valorie McCullough
2340,Seth Mertz
2341,Zackary D'Amore
2342,Emerson Heidenreich
2343,Devin Spinka
2344,Owen Heidenreich
2345,Charisse Baumbach
2346,Connie Mosciski
2347,Kristina Cronin
2348,Waldo Bergstrom
2349,Tomas Ryan
2350,Cristopher Hyatt
2351,Mathilda Krajcik
2352,Antony Powlowski
2353,Londa Tromp
2354,Silas O'Conner
2355,Rodolfo Gutmann
2356,Linwood Wolff
2357,Malka Bechtelar
2358,Meaghan Welch
2359,Alonzo Schultz
2360,Adrian Thompson
2361,Nettie Stroman
2362,Anja Sipes
2363,Cassi Oberbrunner
2364,Edwin Kozey
2365,Heike Kuhn
2366,Israel Crist
2367,Sunday Nienow
2368,Karry Vandervort
2369,Eufemia Kiehn
2370,Carlo Parisian
2371,Gracia Brekke
2372,Rueben Hirthe
2373,Mohammed Kohler
2374,Jeremiah Cruickshank
2375,Aide McKenzie
2376,Judson Hahn
2377,Concetta Trantow
2378,Eloy Klocko
2379,Marcie Brakus
2380,Felipe West
2381,Sylvia Howell
2382,Retha Bogisich
2383,Marty Kertzmann
2384,Reed Mosciski
2385,Cathey Ferry
2386,Seth Greenfelder
2387,Loriann Sauer
2388,Joette Macejkovic
2389,Bobby Bergnaum
2390,Karan Kemmer
2391,Lanita Doyle
2392,Peter Barton
2393,Ashleigh Hartmann
2394,Dewayne Walker
2395,Modesto Kiehn
2396,Pauletta Weissnat
2397,Harley Rodriguez
2398,Enoch Labadie
2399,Timothy Towne
2400,Emery Hoppe
2401,Lavina Dooley
2402,Antonio Jerde
2403,Adrianna O'Kon
2404,Sherlene Hoppe
2405,Maryam Mayert
2406,Alfonzo Bayer
2407,Magali Kessler
2408,Ali Little
2409,Adalberto Ward
2410,Hans Pagac
2411,Wilfred Weissnat
2412,Herschel Pfeffer
2413,Rhett Rohan
2414,Carey Green
2415,Jeanetta Yost
2416,Jerrod Macejkovic
2417,Jimmy Boyle
2418,Noel Emard
2419,Aron Quigley
2420,Rufus Windler
2421,Rusty Kunze
2422,Belia Carter
2423,Frances Abbott
2424,Tomasa Borer
2425,Kimber Johnston
2426,Sherill Kuhn
2427,Frances Kovacek
2428,Geoffrey Streich
2429,Khalilah Toy
2430,Marguerite Kub
2431,Sandie Hane
2432,Autumn Ankunding
2433,Gale Waelchi
2434,Paz Doyle
2435,Edgardo Klocko
2436,Luther Mraz
2437,Karyn Lockman
2438,Robin Haley
2439,Zack Gislason
2440,John Ankunding
2441,Richelle Bashirian
2442,Stephan Rohan
2443,Leandra Miller
2444,Tamisha Little
2445,Jaclyn Kling
2446,Manie Labadie
2447,Ilona Boehm
2448,Aldo Schuppe
2449,Jettie Breitenberg
2450,Loan Bartoletti
2451,Wade Dibbert
2452,Rory Witting
2453,Shemika Mosciski
2454,Lemuel Littel
2455,Arturo Toy
2456,Jon Schultz
2457,Corie Schneider
2458,Kelsey Bednar
2459,Wilford Dicki
2460,Emmett Bailey
2461,Lucien Donnelly
2462,Dave Hintz
2463,Hortense Heidenreich
2464,Herbert Volkman
2465,Jamila Langworth
2466,Monique Franecki
2467,Lianne Wolf
2468,Matt Bahringer
2469,Brigida Kling
2470,Hassan Shields
2471,Adelaide Deckow
2472,Jamaal Murphy
2473,Spencer Raynor
2474,Jade Corkery
2475,Clemente Jaskolski
2476,Carleen Morar
2477,Eura McLaughlin
2478,Rudolph Ortiz
2479,Mauro Frami
2480,Evita White
2481,Randal Johns
2482,Allena Murphy
2483,Brendan Moore
2484,Elane Lubowitz
2485,Brendan Hackett
2486,Denisse Goodwin
2487,Karleen Rippin
2488,Raphael Heidenreich
2489,Marcus Skiles
2490,Noble Reichert
2491,Gabriel Champlin
2492,Ambrose Wyman
2493,Luigi Streich
2494,Larisa Bradtke
2495,Bill Orn
2496,Nicky Lang
2497,Ashleigh Stehr
2498,Brock Berge
2499,Gale Rogahn
2500,Jannette King
2501,Marcelino Hilll
2502,Christoper Funk
2503,Lazaro Thiel
2504,Vada Kuvalis
2505,Courtney Adams
2506,Matha Renner
2507,Palma Koepp
2508,Providencia Huels
2509,Erick Ryan
2510,Ursula Mosciski
2511,Lenard Price
2512,Leilani Aufderhar
2513,Elijah Morar
2514,Coy Crist
2515,Normand Romaguera
2516,Winfred Gulgowski
2517,Vena Thiel
2518,Chi Monahan
2519,Sharolyn Schultz
2520,Marinda Bogisich
2521,Rueben Dare
2522,Galina Schimmel
2523,Julian Haag
2524,Paulene Thompson
2525,Nickolas Dickinson
2526,Mina Wolff
2527,Courtney Batz
2528,Alverta Treutel
2529,Terisa Paucek
2530,Buck Okuneva
2531,Kenya Price
2532,Arron White
2533,Lessie Padberg
2534,Abbie Bergstrom
2535,Clark Mueller
2536,Hong McGlynn
2537,Daniel Koepp
2538,Hai Bernier
2539,Shanon Dickinson
2540,Arthur Ebert
2541,Larry Auer
2542,Lawerence Von
2543,Guadalupe Howell
2544,Rex Rodriguez
2545,Patricia Kassulke
2546,Augustine Willms
2547,Jodi Feil
2548,Candi Grant
2549,Duane Boyer
2550,Bebe Cummings
2551,Lesley Mohr
2552,Rachael Gottlieb
2553,Daniele Gottlieb
2554,Janay Lehner
2555,Houston Heller
2556,Josh Schoen
2557,Vasiliki Toy
2558,Warren Wehner
2559,Tia Kuhic
2560,Keenan Kshlerin
2561,Magen Hane
2562,Tamatha Fay
2563,Arlen Langosh
2564,Seth McDermott
2565,Bobby Heidenreich
2566,Norris Farrell
2567,Wendy Nolan
2568,Alvera Ebert
2569,Michelle Kirlin
2570,Lilia Prosacco
2571,Julio Russel
2572,Jeremiah Nader
2573,Claudia Walker
2574,Holley Wuckert
2575,Sharonda Kunze
2576,Olevia Abbott
2577,Rubye Marvin
2578,Ai Stokes
2579,Wilfred Johnston
2580,Rickie Kozey
2581,Argelia Nienow
2582,Gricelda Legros
2583,Lamont Rau
2584,Denny Haley
2585,Cletus Crooks
2586,Alverta Lockman
2587,Elvis Stamm
2588,Shanice Jones
2589,Rosamond Okuneva
2590,Andy Mills
2591,Tracy Reichert
2592,Roman Wiza
2593,Grant Keebler
2594,Long Bernier
2595,Javier Abbott
2596,Sau Bergnaum
2597,Alline Jacobs
2598,Kala Rau
2599,Mitchell Bayer
2600,Minh Anderson
2601,Kate Johnston
2602,Meryl Kertzmann
2603,Tod Turcotte
2604,Lashaunda Murphy
2605,Kelvin Fay
2606,Edison Beier
2607,Wilfred Fay
2608,Billy Mertz
2609,Tangela Senger
2610,Frances Jenkins
2611,Tamekia Glover
2612,Leslie Wiza
2613,Rolf Zboncak
2614,Melina Simonis
2615,Rowena Osinski
2616,Dante Bernhard
2617,Jacquelyne Kassulke
2618,Janita Doyle
2619,Delois Wiza
2620,Kecia Sporer
2621,Katherin Jacobi
2622,Gerri Boyer
2623,Ruthann Nikolaus
2624,Loyd Stark
2625,Nathanial Schiller
2626,Prudence Gleason
2627,Lowell Gusikowski
2628,Spencer Kris
2629,Robin Reilly
2630,Delila Schaefer
2631,Dawn Parisian
2632,Crista Hackett
2633,Whitney Batz
2634,Collen Bashirian
2635,Benton Howell
2636,Wm Prosacco
2637,Reagan Macejkovic
2638,Jermaine Bode
2639,Remedios Larkin
2640,Derick Towne
2641,Katharine Smith
2642,Louie Lindgren
2643,Ingeborg Quitzon
2644,Lesley Hoeger
2645,Mauro Osinski
2646,Santina Sanford
2647,Dusty Davis
2648,Maragaret Corkery
2649,Rosanne Bradtke
2650,Jeremy Anderson
2651,Keneth Kuphal
2652,Lincoln Doyle
2653,Matt Simonis
2654,Kelsey Rodriguez
2655,Jame Hansen
2656,Latoya Gleichner
2657,Mallory Jenkins
2658,Guillermo Johnson
2659,Alfonso Daugherty
2660,Booker Von
2661,Sheldon Ward
2662,Victoria Reinger
2663,Logan Runte
2664,Maryellen Stark
2665,Kellee Stamm
2666,Lesli Swaniawski
2667,Haley Padberg
2668,Toni McCullough
2669,Marni Considine
2670,Carey Klocko
2671,Ismael Kris
2672,Malka Stiedemann
2673,Lucien Welch
2674,Anderson Pfeffer
2675,Vern Denesik
2676,Stevie Dickinson
2677,Jeffrey Maggio
2678,Kelvin Nolan
2679,Annetta Rau
2680,Renaldo Zieme
2681,Nell Champlin
2682,Jarod Johnston
2683,Lyndia Rath
2684,Desire Kerluke
2685,Myra Kuphal
2686,Sherise Considine
2687,Florinda Murphy
2688,Santo Schaden
2689,Bruce Von
2690,Miguel Sauer
2691,Fredia Schaden
2692,Olin Bartell
2693,Hae Schoen
2694,Dorsey Mills
2695,Shanta Ritchie
2696,Wilburn Gleason
2697,Connie Mertz
2698,Ethan Lang
2699,Gil Nikolaus
2700,Cristie Moen
2701,Cathey Cartwright
2702,Brock Schamberger
2703,Venice Davis
2704,Larry Dicki
2705,Cesar Weber
2706,Jeannette Rice
2707,Jerrold Bartoletti
2708,Cameron Runolfsdottir
2709,Norene Monahan
2710,Bobbie McDermott
2711,Tarra Johnson
2712,Shyla Crooks
2713,Luther Davis
2714,Pearlie Prohaska
2715,Hassan Kautzer
2716,Domingo McKenzie
2717,Pricilla Rowe
2718,Jose Hermiston
2719,Newton Dicki
2720,Erin Kshlerin
2721,Deshawn Ritchie
2722,Catherina Runolfsdottir
2723,Jess McLaughlin
2724,Oliva Kunde
2725,Han Will
2726,Lyndsay Zboncak
2727,Rosario Gutkowski
2728,Cherise Murazik
2729,Clyde Pouros
2730,Malena Balistreri
2731,Mose Gerhold
2732,Tera Lind
2733,Alfred Johnson
2734,Van Russel
2735,Felix Muller
2736,Otis Kautzer
2737,Sadie Daniel
2738,Leroy Swaniawski
2739,Frances Jaskolski
2740,Hong Osinski
2741,Eugenio Goodwin
2742,Tonya Brakus
2743,Hye Ledner
2744,Merrill Reynolds
2745,Leo Rohan
2746,Otha Stehr
2747,Raul Rowe
2748,Willy Sipes
2749,Jung Medhurst
2750,Felipe Sanford
2751,Owen Fritsch
2752,Shaunda Kozey
2753,Ambrose Waelchi
2754,Lora Walter
2755,Broderick Glover
2756,Randy Fritsch
2757,Kareem Gibson
2758,Nathanael Oberbrunner
2759,Bob Padberg
2760,Margene Lindgren
2761,Vance Wolff
2762,Bettie Torphy
2763,Nancie Torp
2764,Piper Hamill
2765,Sha Rohan
2766,Ahmad McDermott
2767,Tommie Kiehn
2768,Curtis Koch
2769,Hilario Wehner
2770,Mendy Yundt
2771,Johnie Gusikowski
2772,Kerry Spencer
2773,Bo Mann
2774,Rebekah Pfeffer
2775,Giovanna Brakus
2776,Edmundo Mitchell
2777,Elliott Koch
2778,Syreeta Reinger
2779,Jade Koss
2780,Dominic Kuvalis
2781,Marcos Fahey
2782,Aura DuBuque
2783,Madelyn Swaniawski
2784,Meghan Braun
2785,Donovan Bruen
2786,Eddie Quitzon
2787,Tommy Schowalter
2788,Arminda Turcotte
2789,Joel Thompson
2790,Raymond Blanda
2791,Diann Kutch
2792,Francis Kohler
2793,Jerry Altenwerth
2794,Britt Hane
2795,Orlando Huels
2796,Nell Turcotte
2797,Wiley Langworth
2798,Dannette Haley
2799,Alan Goodwin
2800,Ignacio Stamm
2801,Stormy Klein
2802,Nicky McClure
2803,Geraldine Beatty
2804,Thuy Kub
2805,Rubin Goyette
2806,Ahmad Konopelski
2807,Lula Baumbach
2808,Neomi Blanda
2809,Eloise Schmidt
2810,Wade Hickle
2811,Janie Kozey
2812,Corie Marks
2813,Sherise McCullough
2814,Raeann Morar
2815,Ismael Little
2816,Sherlene Huels
2817,Na Dickens
2818,Rayford Dickinson
2819,Eboni Lehner
2820,Francesco Metz
2821,Randolph Mann
2822,Kelvin Flatley
2823,Daniel Gleichner
2824,Gerald Wunsch
2825,Glenda Hermann
2826,Virgil Kutch
2827,Kristen Altenwerth
2828,Lori Lueilwitz
2829,Sammy Hansen
2830,Nathaniel Gislason
2831,Frieda Streich
2832,Geoffrey Corkery
2833,Willis Ankunding
2834,Shanda Smith
2835,Frank Farrell
2836,Tess Jacobi
2837,Ladonna Stoltenberg
2838,Sanford Goyette
2839,Gregory Heaney
2840,Russell McLaughlin
2841,Towanda Cruickshank
2842,Rodrick O'Hara
2843,Margene Walker
2844,Dewey Hoppe
2845,Delmer Jacobi
2846,Tom Walker
2847,Keira Sawayn
2848,Ignacio Upton
2849,Spencer Simonis
2850,Beatriz Rempel
2851,Thad Olson
2852,Kenda Miller
2853,Chris Reynolds
2854,Venita Muller
2855,Darrel Bosco
2856,Jaimee Wuckert
2857,Mohammad Schulist
2858,Dorsey Bruen
2859,Gretta Hand
2860,Coleman West
2861,Jose Block
2862,Buford Cormier
2863,Bert McCullough
2864,Beryl Green
2865,Vilma Wehner
2866,Alisha Lueilwitz
2867,Mason Ledner
2868,Desire Goyette
2869,Martin Block
2870,Crystle Fritsch
2871,Amina Smitham
2872,Dewayne Heathcote
2873,Dean Howe
2874,Stepanie Littel
2875,Dreama Lubowitz
2876,Randall Yost
2877,Mac Braun
2878,Ali Jacobs
2879,Micaela Davis
2880,Zita Weissnat
2881,Matthew Kassulke
2882,Georgianne Pfeffer
2883,Kayleigh Auer
2884,Katlyn Price
2885,Gabriel Schiller
2886,Porsha Gorczany
2887,Joaquin Bogisich
2888,Janis Beer
2889,Yuri Lynch
2890,Audrie O'Kon
2891,Jewel Huel
2892,Rolando Spinka
2893,Jerrod Schaefer
2894,Corey Orn
2895,Nevada Turcotte
2896,Traci Leuschke
2897,Tawanna Collier
2898,Gregory Halvorson
2899,Isaias Kovacek
2900,Reginald Funk
2901,Garrett Funk
2902,Tawna Friesen
2903,Karine Dach
2904,Jeannetta Connelly
2905,Lashawnda Baumbach
2906,Jamey Metz
2907,Denis Durgan
2908,Victor Schulist
2909,Gianna O'Kon
2910,Roberto Abernathy
2911,Venetta Larson
2912,Maud Stehr
2913,Odell Terry
2914,Shane Reichert
2915,Concha Hermiston
2916,Twyla Swaniawski
2917,Shaquita McGlynn
2918,Erica Gutmann
2919,Blanch Hammes
2920,Daphine Romaguera
2921,Sol Larkin
2922,Toshiko Huel
2923,Cierra Franecki
2924,Quintin Weber
2925,Siobhan Lockman
2926,Wes Armstrong
2927,Sandy Pagac
2928,Abel Lowe
2929,Verna White
2930,Bruce Kohler
2931,Michal Kautzer
2932,Floyd Muller
2933,Francisco Rohan
2934,Jewell Williamson
2935,Tam McKenzie
2936,Melisa Turner
2937,Tenesha DuBuque
2938,Teisha Dicki
2939,Tai Jacobs
2940,Rhett Hintz
2941,Luciano Bogan
2942,Paul Cummerata
2943,Fletcher Kunze
2944,Rosanne Miller
2945,Neida Wiza
2946,Maryanne Flatley
2947,Ian Jast
2948,Albert Dooley
2949,Carrol Runolfsdottir
2950,Eugenie Russel
2951,Mauro Halvorson
2952,Dante Russel
2953,Rosendo Steuber
2954,Shawana Smitham
2955,Isaac Lemke
2956,Francesca Zemlak
2957,Elvina Bode
2958,Darci Christiansen
2959,Jammie Schiller
2960,Brady Spencer
2961,Ivory Harris
2962,Ruben Turcotte
2963,Lonny Borer
2964,Micheal Marquardt
2965,China Schamberger
2966,Josef Ernser
2967,Jefferson Littel
2968,Antone Jenkins
2969,Ardell O'Keefe
2970,Terrence Schultz
2971,Arron Dare
2972,Ken Brakus
2973,Marlana Turner
2974,Joleen Leannon
2975,Ivory Hegmann
2976,Roberto Cummings
2977,Eddie Mohr
2978,Brock Borer
2979,Earlene Quitzon
2980,Jacob Wilkinson
2981,Dianne Armstrong
2982,Martin Stanton
2983,Eldon Morissette
2984,Jessie Streich
2985,Edison Heidenreich
2986,Refugio Kemmer
2987,Russell Berge
2988,Gilma Swaniawski
2989,Columbus Mosciski
2990,Rheba Abshire
2991,Keena Carter
2992,Ezra McClure
2993,Telma Greenfelder
2994,Chad Olson
2995,Laverna Kulas
2996,Kathie Bartell
2997,Maisie Rowe
2998,Johna Barrows
2999,Amos Moen
3000,Joaquina Keebler
3001,Jolene Waelchi
3002,Corey Smitham
3003,Cruz Wehner
3004,Zora King
3005,Blair Kunze
3006,Keren Schuppe
3007,Lindsy Witting
3008,Libby MacGyver
3009,Jacqueline Bergstrom
3010,Carlene Cormier
3011,Layne Kunze
3012,Hilde Grant
3013,Oliver Jerde
3014,Vernetta Carroll
3015,Andres Schmidt
3016,Adam O'Keefe
3017,Ima Sanford
3018,Earl Ullrich
3019,Jacquie Lemke
3020,Roxie Bednar
3021,Ninfa Stehr
3022,Cherryl Stehr
3023,Lucius Moore
3024,Colton Moore
3025,Audra Feest
3026,Kiana Yundt
3027,Edmundo Hintz
3028,Linh Wuckert
3029,Asha Spencer
3030,Tommie Lindgren
3031,Jerrold Ratke
3032,Kathline Watsica
3033,Blair Abernathy
3034,Douglas Dicki
3035,Sona Farrell
3036,Season Spencer
3037,Logan Harris
3038,Neal Bruen
3039,Audrea Russel
3040,Kenton Bergnaum
3041,Tracey Jast
3042,Margert Beer
3043,Johanna Haley
3044,Julius Green
3045,Dominick Gleichner
3046,Hortensia Towne
3047,Tory Powlowski
3048,Basil Christiansen
3049,Royce Reilly
3050,Deandre Windler
3051,Jessie Kub
3052,Cecille Willms
3053,Ping Cormier
3054,Robert Osinski
3055,Hunter Ratke
3056,Scottie Bosco
3057,Elliot Bartoletti
3058,Felicidad Fisher
3059,Veronica Doyle
3060,Ranae Thompson
3061,Charlesetta Botsford
3062,Buck Marks
3063,Jacob Thompson
3064,Darius Robel
3065,Denver Mayert
3066,Victor Wilkinson
3067,Nicolle Renner
3068,Isidro Spencer
3069,Summer White
3070,Fallon Reynolds
3071,Maryjo Wisoky
3072,Twana Adams
3073,Deneen Champlin
3074,Werner Koelpin
3075,Annabell Schulist
3076,Winifred Schimmel
3077,Jerald Stiedemann
3078,Charlotte Schroeder
3079,Douglass Bayer
3080,Alaina Haag
3081,Bill Lynch
3082,Isaura Renner
3083,Erik Konopelski
3084,Mimi Mann
3085,Shanna O'Keefe
3086,Irving Hahn
3087,Merna Brown
3088,Heriberto Pfannerstill
3089,Isa Stiedemann
3090,Arden Murray
3091,Chin White
3092,Tim Hansen
3093,Octavio Kilback
3094,Gordon Beahan
3095,Mandi Schoen
3096,Taneka Jaskolski
3097,Marcene Franecki
3098,Daina Lakin
3099,Brendan Lindgren
3100,Phil Bartell
3101,Dave Gleichner
3102,Gwendolyn Cruickshank
3103,Cordelia Gulgowski
3104,Avery Hoppe
3105,Luis Legros
3106,Rafael Bartell
3107,Alana Orn
3108,Treva Gibson
3109,Jewel Smitham
3110,Tressie Mante
3111,Newton Bartoletti
3112,Sharolyn Runolfsdottir
3113,Daniell Toy
3114,Young Ryan
3115,Sanford Shields
3116,Filiberto Wiegand
3117,Casie Purdy
3118,Luisa Konopelski
3119,Anneliese Schuppe
3120,Sang Parisian
3121,Jimmie Collins
3122,Eugene Ebert
3123,Stanford Ullrich
3124,Yu Gutmann
3125,Lewis Von
3126,Felicita Considine
3127,Nobuko Heathcote
3128,Mamie Hessel
3129,Wally Wolf
3130,Herb Dach
3131,Marine Kuhlman
3132,Edwardo Barrows
3133,Ramona Stokes
3134,Randolph Dickinson
3135,Christian Tremblay
3136,Bridgette Fadel
3137,Angila Ernser
3138,Reynaldo Hermann
3139,Leana Rippin
3140,Filomena Mills
3141,Jackie Bogan
3142,Marissa Towne
3143,Ardell Reinger
3144,Danette Hammes
3145,Annelle Schaden
3146,Robbin Kautzer
3147,Daren Jacobs
3148,Russel McCullough
3149,Erick Bernier
3150,Merle Grimes
3151,Salina McClure
3152,Bryant Ferry
3153,Tangela Stokes
3154,Ardella Mosciski
3155,Wendell Dibbert
3156,Tanesha Witting
3157,Tory Weissnat
3158,Michell Okuneva
3159,Galen DuBuque
3160,Sonja Heller
3161,Anthony Hahn
3162,Bernadette Gulgowski
3163,Becki Connelly
3164,Retha Murphy
3165,Otha Waelchi
3166,Amberly Halvorson
3167,Veola Bernier
3168,Rosa Renner
3169,Stephanie Weimann
3170,Brandon Schroeder
3171,Macy O'Kon
3172,Daren Sipes
3173,Ghislaine Shanahan
3174,Alec Osinski
3175,Lanie Bergstrom
3176,Nancey Rau
3177,Bertram Leannon
3178,Eloy Quitzon
3179,Denver D'Amore
3180,Cecil Lindgren
3181,Russ Terry
3182,Lester Mitchell
3183,Carlie Greenholt
3184,Armando Hoeger
3185,Dagmar Hoppe
3186,Leonia Brown
3187,Federico Watsica
3188,Lorraine Kozey
3189,Elijah Dach
3190,Denice Stoltenberg
3191,Roxy Wisoky
3192,Kenna Hayes
3193,Lurlene Dietrich
3194,Ashely Schaden
3195,Alana Mueller
3196,Madie Yost
3197,Loni Harvey
3198,Lane Borer
3199,Ozzie Swift
3200,Theodora Beatty
3201,Kenyatta Homenick
3202,Dominique Kemmer
3203,Murray Jacobs
3204,Salvatore Nicolas
3205,Daphine Dare
3206,Winfred Rath
3207,Leontine Jaskolski
3208,Mai Turner
3209,Ezra Ward
3210,Jackie Rath
3211,Lakiesha Jaskolski
3212,Alesia Schoen
3213,Vasiliki Bashirian
3214,Kareem Nitzsche
3215,Ozie Welch
3216,Leonardo Zieme
3217,Orville Mayer
3218,Drew Lind
3219,Nick Funk
3220,Wilber Dooley
3221,Kraig Quitzon
3222,Paris Rogahn
3223,Sunny Davis
3224,Brent Fahey
3225,Maurice Hagenes
3226,Laverne Lehner
3227,Carmelita Abshire
3228,Ricky Auer
3229,Chuck Waelchi
3230,Willy Oberbrunner
3231,Melva Gleichner
3232,Melvin Collins
3233,Lannie Brekke
3234,Israel Kunze
3235,Deon Leannon
3236,Sheilah Prosacco
3237,Ward O'Conner
3238,Chu Collier
3239,Don Macejkovic
3240,Walter Russel
3241,Conception Cremin
3242,Malissa Collier
3243,Sydney Rippin
3244,Chas Mueller
3245,Darla Simonis
3246,Gustavo Maggio
3247,Hillary Bartoletti
3248,Ayana Swift
3249,Georgiana Pfeffer
3250,Dennise Gulgowski
3251,Javier Hilll
3252,Jamison Hintz
3253,Kyle Jacobson
3254,Keven Kulas
3255,Velia Dare
3256,Stephen Bailey
3257,Zulma Bergnaum
3258,Wilburn Cormier
3259,Lucilla O'Connell
3260,Angel Leuschke
3261,Apolonia Effertz
3262,Buford Krajcik
3263,Don Bernier
3264,Ana Roob
3265,Marvis Langosh
3266,Audria Corwin
3267,Vernia Mertz
3268,Dina Stokes
3269,Marvin Schmidt
3270,Jesus Lemke
3271,Jeffie Crooks
3272,Leroy Barton
3273,Sherry O'Connell
3274,Yvonne Brekke
3275,Cherelle Kohler
3276,Ambrose Hansen
3277,Lindsey Heidenreich
3278,Trish Wyman
3279,Shane Gusikowski
3280,Hoyt Hansen
3281,Lang Strosin
3282,Donette Volkman
3283,Daron Cummings
3284,Daren Kuvalis
3285,Xavier Hickle
3286,Elvis Streich
3287,Joaquin Nolan
3288,Genie Dietrich
3289,Adam Lemke
3290,Carrol Brakus
3291,Lane Olson
3292,Harley Prosacco
3293,Luigi Grady
3294,Kristina Wolff
3295,Ozella Murazik
3296,Edgardo Cremin
3297,Jarrett Hettinger
3298,Shonda Baumbach
3299,Greg Willms
3300,Cecille Aufderhar
3301,Mason Jacobi
3302,Maple Marvin
3303,Monte Tromp
3304,Claudio Collier
3305,Marybelle Trantow
3306,Tierra Rogahn
3307,Henry Mertz
3308,Bruce Grady
3309,Brittaney Mills
3310,Nelson Yost
3311,Miguel Yost
3312,Dallas Collier
3313,Nathaniel Collier
3314,Eusebio Wunsch
3315,Kaye Luettgen
3316,Lashay Farrell
3317,Mitchel Ondricka
3318,Darleen Watsica
3319,Jonah Howe
3320,Johnie Grimes
3321,Kip Reinger
3322,Jovita Bradtke
3323,Shawanna Hackett
3324,Myron Bernhard
3325,Allyson Schamberger
3326,Miquel Franecki
3327,Antone Johns
3328,Peg Johnson
3329,David Will
3330,Otilia Miller
3331,Lawerence Runolfsson
3332,Odis Kerluke
3333,Valene Green
3334,Denisha Doyle
3335,Blake Morar
3336,Valorie Abshire
3337,Pete Monahan
3338,Miki Sipes
3339,Lyndon Rogahn
3340,Ashlea Rath
3341,Lucinda Funk
3342,Nick Koepp
3343,Angelo Sanford
3344,Gertie Kerluke
3345,Donnell Graham
3346,Salvador Okuneva
3347,Inell Veum
3348,Emilio Lesch
3349,Lauri Mueller
3350,Callie Borer
3351,Jonas Lemke
3352,Lauren Bogisich
3353,Setsuko Padberg
3354,Herb Kessler
3355,Gale Williamson
3356,Isaac Veum
3357,Fredrick Hills
3358,Octavio Durgan
3359,Kendall Harris
3360,Jennie Pfeffer
3361,Alison O'Connell
3362,Tamesha Boehm
3363,Nicola Labadie
3364,Retha O'Kon
3365,Lauren Runte
3366,Kristofer Beatty
3367,Harvey Schneider
3368,Cletus Ondricka
3369,Irma Satterfield
3370,Joseph Hudson
3371,Shannon Ryan
3372,Katelyn Franecki
3373,Britteny Zieme
3374,Pat Kling
3375,Juan Bogisich
3376,Roxane Steuber
3377,Douglas Mraz
3378,Magan Mertz
3379,Dalton Walsh
3380,Wilfredo Boyer
3381,Patrick Lesch
3382,Andrea Howe
3383,Chadwick Gorczany
3384,Salvatore Lakin
3385,Jenine Corkery
3386,Pamelia Bailey
3387,Lewis Simonis
3388,Elodia Price
3389,Linh Jenkins
3390,Kellie Beatty
3391,Ashley Hermiston
3392,Loise Heller
3393,Avril Kuvalis
3394,Mohamed Beatty
3395,Julius Metz
3396,Clarine Howell
3397,Fredda Schumm
3398,Jermaine Conroy
3399,Brett Bradtke
3400,Denny Gutmann
3401,Rickey Kris
3402,Deangelo Will
3403,Magdalene Walter
3404,Jay Stiedemann
3405,Valorie Rohan
3406,Cherly Purdy
3407,Osvaldo Hickle
3408,Sonny Kreiger
3409,Otis Crist
3410,Jefferey Shanahan
3411,Bula Koss
3412,Eula Bernhard
3413,Harry Sporer
3414,Shonna Heathcote
3415,Cristina Ratke
3416,Renata Stamm
3417,Zachery Hyatt
3418,Gale Feeney
3419,Terry Will
3420,Jeffrey Feeney
3421,Joan Homenick
3422,Bryce Gerlach
3423,Dong Hammes
3424,Ivan Abshire
3425,Valery Zieme
3426,Christiane Douglas
3427,Reyes Abshire
3428,Sudie Corwin
3429,Darci McClure
3430,Lorean Weber
3431,Donn Ward
3432,Andrew Beatty
3433,Keri Baumbach
3434,Odette Lindgren
3435,Bryant Goldner
3436,Ira Rosenbaum
3437,Mari Gleason
3438,Ozella Jerde
3439,Anibal Glover
3440,Grady McCullough
3441,Porsche Bergnaum
3442,Shaunta Stanton
3443,Belva Barrows
3444,Gregg Lehner
3445,Daron Frami
3446,Tisha Becker
3447,Mary Jerde
3448,Arlen Mayer
3449,Arthur Kuhlman
3450,Stacey Heaney
3451,Lowell Wisoky
3452,Hilton Walker
3453,Lanny Stiedemann
3454,Taina Wilderman
3455,Jackson Kiehn
3456,Lean Rice
3457,Horacio Windler
3458,Mellisa Jacobson
3459,Keeley Satterfield
3460,Boris Aufderhar
3461,Evan Mayer
3462,Sidney Swaniawski
3463,Jame Moore
3464,Desirae Daniel
3465,Franklin Leffler
3466,Garland Bailey
3467,Kiley Bartoletti
3468,Kit Weissnat
3469,Lashandra Kunde
3470,Vilma Reichert
3471,Kyong Rippin
3472,Will Nitzsche
3473,Wallace Conroy
3474,Tanner Wiegand
3475,Luigi Leannon
3476,Romeo Beer
3477,Glendora Rath
3478,Enda Hagenes
3479,Anneliese Goldner
3480,Orlando Metz
3481,Juan Corkery
3482,Noah Kunde
3483,Joannie Conn
3484,Jennefer Ryan
3485,Branden Gerhold
3486,Soledad Schultz
3487,Dean Labadie
3488,Vergie Wisoky
3489,Graham Kemmer
3490,Bud Baumbach
3491,Maxwell Boyle
3492,Rocio Kunde
3493,Denver Emard
3494,Annabell Crooks
3495,Jody VonRueden
3496,Emanuel Howe
3497,Rodrigo Reichert
3498,Wendell Sipes
3499,Miriam Mante
3500,Ashley Bailey
3501,Rey Fisher
3502,Thad Nitzsche
3503,Catrina Schimmel
3504,Bruna Kuphal
3505,Matthew Hodkiewicz
3506,Lavon Simonis
3507,Jimmie West
3508,Jere Roberts
3509,Kelli Satterfield
3510,Margene Heathcote
3511,Cory Kutch
3512,Wilfred Rolfson
3513,Stefanie Connelly
3514,Alana Green
3515,Corrie Rowe
3516,Hugo Homenick
3517,Gus Schroeder
3518,Casimira Fadel
3519,Homer Ebert
3520,Clarissa Satterfield
3521,Jeanmarie Smith
3522,Lanora Mayer
3523,Palmer Johnson
3524,Rhonda Powlowski
3525,Anderson Wunsch
3526,Lorean Kemmer
3527,Arthur Parker
3528,Cedrick Marquardt
3529,Justin Feeney
3530,Cary Jakubowski
3531,Sean Gerlach
3532,Jacquiline Jacobson
3533,Rocio Ortiz
3534,August Kertzmann
3535,Vergie Stroman
3536,Olen Goyette
3537,Steve Kshlerin
3538,Andre Hackett
3539,Clint Schmitt
3540,Joi Gibson
3541,Brooks Mraz
3542,Lela Von
3543,Kiyoko Herzog
3544,Stanley Steuber
3545,Lynda Runolfsson
3546,Victoria Bruen
3547,Chong Smitham
3548,Trinidad Rohan
3549,Odis Metz
3550,Neoma Koelpin
3551,Woodrow Lueilwitz
3552,Winifred Dooley
3553,Duane Casper
3554,Efrain Pouros
3555,Vernon Dibbert
3556,Marcelino Bradtke
3557,Donnette Roob
3558,Ronny Schmitt
3559,Anthony Veum
3560,Sid Yundt
3561,Darrell Heaney
3562,Ute Labadie
3563,Paola Lebsack
3564,Tera Robel
3565,Silas Howell
3566,Leonor Wisozk
3567,Mara Mertz
3568,Delbert Tremblay
3569,Misha Block
3570,Timmy Rolfson
3571,Lula Bernier
3572,Ervin Blanda
3573,Lady Watsica
3574,Anibal Morissette
3575,Eloy Gorczany
3576,Sylvester Von
3577,Maragaret McDermott
3578,Korey Upton
3579,Sondra Witting
3580,Myrle Jerde
3581,Mark Funk
3582,Todd Abernathy
3583,Michel Stroman
3584,Walter Dietrich
3585,Lynna Renner
3586,Otha Murray
3587,Carlena Hudson
3588,Alphonse Hyatt
3589,Carey Flatley
3590,Sona Skiles
3591,Loyce Ryan
3592,Rob Watsica
3593,Sol Gerlach
3594,Rusty Stanton
3595,Halley Rempel
3596,Amparo Jacobi
3597,Isiah Tromp
3598,Augustus Collins
3599,Reena Willms
3600,Heather Klein
3601,Maryam Runte
3602,Isabella Ondricka
3603,Juliana Smith
3604,Stacie Steuber
3605,Nelson Hansen
3606,Terrie Rippin
3607,Delbert West
3608,Quinn Hyatt
3609,Malcom Metz
3610,Ardell Morissette
3611,Ernie Boyle
3612,Jewel Kuhlman
3613,Palma Trantow
3614,Enoch Hudson
3615,Kiley Walter
3616,Jennette Mante
3617,Alix Kshlerin
3618,Marlin Cole
3619,Iva Kutch
3620,Nick Prohaska
3621,Waltraud Douglas
3622,Carmine Flatley
3623,Sindy Stamm
3624,Leland Rodriguez
3625,Lyman Mayer
3626,Deandrea Hackett
3627,Lance Monahan
3628,Lenny Medhurst
3629,Robyn Rowe
3630,Lance Lindgren
3631,Kurtis Lockman
3632,Janyce Schumm
3633,Deonna Wintheiser
3634,Terrance Howe
3635,Elvina Davis
3636,Bonny Larson
3637,Ivan Lang
3638,Angelo Heathcote
3639,Benjamin Ledner
3640,Normand Kemmer
3641,Somer Toy
3642,Freddie Bednar
3643,Chuck Gleason
3644,Kendall Toy
3645,Takako Turner
3646,Neal Quigley
3647,Delia Flatley
3648,Frederic Torp
3649,Bertie Hermann
3650,Julio Fritsch
3651,Libby Blick
3652,Margot Doyle
3653,Diana Berge
3654,Stephane Thiel
3655,Ok Lowe
3656,Dario Goyette
3657,Nakia Cronin
3658,Leigh Schuppe
3659,Giuseppina Schaefer
3660,Augusta Maggio
3661,Chrystal Torphy
3662,Jeane Klocko
3663,Whitney Keebler
3664,Donnell Smitham
3665,Floretta MacGyver
3666,Tinisha Rice
3667,Song Kemmer
3668,Winter Durgan
3669,Melissia O'Kon
3670,Leticia Emard
3671,Bert Cassin
3672,Ferdinand Lang
3673,Emerald Swaniawski
3674,Arlette Hoeger
3675,Oswaldo Bernhard
3676,Solomon Hansen
3677,Darryl Tillman
3678,Colton Bosco
3679,Napoleon Grady
3680,Dewey Turner
3681,Abby Erdman
3682,Olen Nader
3683,Louis Sauer
3684,Celine Mraz
3685,Hal Dooley
3686,Anton Toy
3687,Linh Kerluke
3688,Georgette Little
3689,Kamala Balistreri
3690,Jeff Wolff
3691,Bridgett Sawayn
3692,Jan Schmitt
3693,Taneka Rau
3694,Delfina Hauck
3695,Lupita Satterfield
3696,Jerica Crooks
3697,Shanelle Williamson
3698,Milford Rodriguez
3699,Rashad Larkin
3700,Drema Tillman
3701,Susanne Green
3702,Aurore Grant
3703,Keshia MacGyver
3704,Conception Rogahn
3705,Therese Heathcote
3706,Tina Lakin
3707,Juanita Tillman
3708,Wynona Fisher
3709,Molly Crooks
3710,Stephaine Kiehn
3711,Brendan Russel
3712,Quentin Mayer
3713,Raymundo Bechtelar
3714,Jeffie Reilly
3715,Marianela Hagenes
3716,Felicia Boyle
3717,Jan Beahan
3718,Setsuko Skiles
3719,Mardell Baumbach
3720,Danielle Wintheiser
3721,James Douglas
3722,Alonso Kerluke
3723,Lane Littel
3724,Warner Rowe
3725,Ona Parker
3726,Genna O'Hara
3727,Regenia Deckow
3728,Georgann Mohr
3729,Dudley Wuckert
3730,Tobias Ankunding
3731,Pauline Metz
3732,Val Spinka
3733,Emery Hahn
3734,Kristan Lynch
3735,Dierdre Miller
3736,Charlyn Toy
3737,Kent Herzog
3738,Roosevelt Cole
3739,Rudy Kautzer
3740,Danica Lockman
3741,Tempie Williamson
3742,Madie Nolan
3743,Howard Schimmel
3744,Alphonso O'Kon
3745,Joselyn McLaughlin
3746,Buster Prohaska
3747,Mel Hahn
3748,Roger Pouros
3749,Chase Terry
3750,Karissa Brekke
3751,Carrol Fay
3752,Corina Stark
3753,Sabra Jacobson
3754,Jamaal Wuckert
3755,Angelo Wolff
3756,Rocco Reilly
3757,Domingo King
3758,Kurt White
3759,Joe Goldner
3760,Kirk Zieme
3761,Devona Hintz
3762,Wayne Swift
3763,Jesusa Trantow
3764,Ammie Hackett
3765,Kyoko Dibbert
3766,Lizeth Simonis
3767,Tracie Zemlak
3768,Francesco Doyle
3769,Claudia Kassulke
3770,Patria Goodwin
3771,Meridith Nader
3772,Minh Dicki
3773,Jewell Lemke
3774,Frederick Bins
3775,Leesa Stamm
3776,Marlin Rau
3777,Brain Batz
3778,Minh Greenholt
3779,Davina Hirthe
3780,Eleanore Kunze
3781,Mary Blanda
3782,Ramon Reichel
3783,Carey Murray
3784,Trenton Parker
3785,Julian Blanda
3786,Ellis Brakus
3787,Matt Rowe
3788,Florencio Jacobs
3789,Normand Terry
3790,Lore Macejkovic
3791,Particia Lowe
3792,Janet Sawayn
3793,Diane Stamm
3794,Vern Reichel
3795,Ricardo Jerde
3796,Patricia Rowe
3797,Sergio Legros
3798,Taryn Hegmann
3799,Stefan Doyle
3800,Cesar Wiegand
3801,Janet Rau
3802,Sherrie Spinka
3803,Warren Hirthe
3804,Arturo Parker
3805,Vicenta Ruecker
3806,Otis Jaskolski
3807,Luke Wyman
3808,Merrill Osinski
3809,Everette Beer
3810,Cary Bednar
3811,Jame Lesch
3812,Berneice West
3813,Ali Bartell
3814,Marquis Bode
3815,Rhett Mitchell
3816,Ariel Stiedemann
3817,Carline Heaney
3818,Daren Luettgen
3819,Anderson Macejkovic
3820,Robin Harris
3821,Penni Emard
3822,Dudley Bailey
3823,Stanford Bosco
3824,Osvaldo King
3825,Vinnie Crist
3826,Shayne Emmerich
3827,Briana Abernathy
3828,Stacee Waters
3829,Selene Murray
3830,Margorie Mertz
3831,Annamaria Armstrong
3832,Hollis Marvin
3833,Stasia Durgan
3834,Quinn Graham
3835,Elizabeth Ebert
3836,Carmina Hand
3837,Virgil Hand
3838,Jimmie Goldner
3839,Wilford Heidenreich
3840,Bryant Parker
3841,Levi Tremblay
3842,Gerald Reynolds
3843,Annabel Ruecker
3844,Arnold Bergnaum
3845,Douglass Purdy
3846,Enrique Boehm
3847,Leida Lockman
3848,Janyce Sanford
3849,Shari Corwin
3850,Carletta Tromp
3851,Joey Smith
3852,Stacee Dare
3853,Earnestine Cole
3854,Suzann Mosciski
3855,Angie Franecki
3856,Odis Keeling
3857,Spencer Tillman
3858,Chasity Denesik
3859,Clair Rice
3860,Mellissa Dietrich
3861,Lauran Mertz
3862,Hank Konopelski
3863,Cicely Carter
3864,Jonathan Adams
3865,Floy Hoeger
3866,Benito Parisian
3867,Laverne Dibbert
3868,Ozie Barton
3869,Delores Ritchie
3870,John Hane
3871,Morton Farrell
3872,Fausto Koepp
3873,Sterling Jacobi
3874,Sue Bruen
3875,Eusebio Wuckert
3876,Francesco Mraz
3877,Willodean Auer
3878,Branda Lehner
3879,Reginia Cassin
3880,Wesley Ferry
3881,Hillary Hane
3882,Gail Bogan
3883,Antony Witting
3884,David Jast
3885,Stanley O'Keefe
3886,Stephan Huel
3887,Rosalinda Rogahn
3888,Levi Osinski
3889,Jonnie Murray
3890,Elida Halvorson
3891,Annette Hermiston
3892,Lissette Wolff
3893,Garrett Mayert
3894,Willis Dibbert
3895,Bruno Fisher
3896,Lavern Schneider
3897,Annie Kilback
3898,Lavern Stokes
3899,Taylor Borer
3900,Keenan Hintz
3901,Denese Stamm
3902,Sherry Jacobson
3903,Sid Lockman
3904,Ernie D'Amore
3905,Zofia Treutel
3906,Shawna Rosenbaum
3907,Willow Morissette
3908,Philip Koch
3909,Jodie Bruen
3910,Keri Larkin
3911,Dirk Murphy
3912,Marylynn Ruecker
3913,Bridget Sawayn
3914,Drew Runte
3915,Winter Kuhn
3916,Nicholas Anderson
3917,Carlee Roberts
3918,Fidel Purdy
3919,Weldon Weissnat
3920,Moon Brakus
3921,Jeremy Morissette
3922,Joline Franecki
3923,Angela Spencer
3924,Bobbi Luettgen
3925,Ludie Kessler
3926,Eleni Kirlin
3927,Lorelei Gusikowski
3928,Ned Feest
3929,Marlon Feil
3930,Mickie Schinner
3931,Hedy Kemmer
3932,Caroll Emard
3933,Delma Brakus
3934,Raul Shanahan
3935,Celinda Mayer
3936,Margurite Ward
3937,Alejandrina Friesen
3938,Omar Klein
3939,Tamara Denesik
3940,Pa O'Reilly
3941,Rigoberto Hudson
3942,Jan O'Reilly
3943,Karan Donnelly
3944,Shirlee Daniel
3945,Barrett Cummerata
3946,Felipe Murazik
3947,Stephen Conn
3948,Cedric Waelchi
3949,Herman Schumm
3950,Jeremy Kunde
3951,Vaughn Pacocha
3952,Adriane Schneider
3953,Thomas O'Keefe
3954,Ronny Veum
3955,Shizue Kling
3956,Maurine Russel
3957,Roseanne Hand
3958,Doug Cummerata
3959,Ruby Heller
3960,Sabra Thompson
3961,Alexia Quitzon
3962,Peter Weissnat
3963,Virgen Satterfield
3964,Oma Bernhard
3965,Patrick Treutel
3966,Ninfa Hilll
3967,Tobias Lubowitz
3968,Jami Kessler
3969,Ming Gerlach
3970,Vicente Shanahan
3971,Meagan Armstrong
3972,Louie Wiza
3973,Mellie Kerluke
3974,Edgardo Balistreri
3975,Dorthea Kuhic
3976,Valencia Wuckert
3977,Edwin Wolf
3978,Bradford Schamberger
3979,Luanne Gutmann
3980,Kenneth McLaughlin
3981,Angelita Spinka
3982,Chang Graham
3983,Deanne Lowe
3984,Valentine Hahn
3985,Henry Farrell
3986,Suzy Cruickshank
3987,Neil Schaden
3988,Sidney Marquardt
3989,Luigi Wiegand
3990,Lesa Hudson
3991,Florida Schoen
3992,Lorita Hermann
3993,Elroy Mueller
3994,Thomas Schulist
3995,Leigh Streich
3996,Lindsay Johnston
3997,Emiko Hills
3998,Eldon Bernhard
3999,Wesley Hilpert
4000,Caridad McLaughlin
4001,Waldo Sauer
4002,Kimiko Smitham
4003,Mario Welch
4004,Mozelle O'Hara
4005,Roderick McCullough
4006,Sterling Kirlin
4007,Ashlea Donnelly
4008,Sang Koss
4009,Stephaine Bartoletti
4010,Lanita Langosh
4011,Rosalind Pfeffer
4012,Ira Hansen
4013,Lorriane Stiedemann
4014,Lynsey Carter
4015,Alline Franecki
4016,Carey Kris
4017,Lessie O'Reilly
4018,Janee Turner
4019,Josephine Reichert
4020,Carter Ebert
4021,Dong Emmerich
4022,Nora Hansen
4023,Mark Wiza
4024,Mitsue Predovic
4025,Libbie Fisher
4026,Odell Hodkiewicz
4027,Ezequiel Macejkovic
4028,Torie Mills
4029,Tad Jones
4030,Karolyn Walter
4031,Betsy Davis
4032,Stephanie Stehr
4033,Joshua Considine
4034,Rosa Kiehn
4035,Clyde Stoltenberg
4036,Dante Keeling
4037,Eryn Morar
4038,August Schaefer
4039,Jesusa Hickle
4040,Jessie Reilly
4041,Merlin Jakubowski
4042,Rosamaria Mohr
4043,Demetrice Abbott
4044,Annette Friesen
4045,Glenna Berge
4046,Mack O'Kon
4047,Joesph VonRueden
4048,Temeka Hane
4049,Ferne Hodkiewicz
4050,Debbi King
4051,Olinda Tillman
4052,Jama Lemke
4053,Ned Hickle
4054,Doyle Bahringer
4055,Maximo Friesen
4056,German Hickle
4057,Lon Ortiz
4058,Damion Senger
4059,Long Cartwright
4060,Dianne Mertz
4061,Elmo Miller
4062,Karima Abernathy
4063,Boris Bogisich
4064,Dana Green
4065,Darell Mertz
4066,Denis Glover
4067,Sirena Sporer
4068,Bill Ernser
4069,Kiersten Steuber
4070,Nelson Kub
4071,Vena Bergnaum
4072,Hayden Kemmer
4073,Terisa Huel
4074,Roma Rolfson
4075,Tarah Kovacek
4076,Bill Champlin
4077,Lucius Reinger
4078,Chad West
4079,Latoya Hand
4080,Emanuel O'Hara
4081,Elsy Koch
4082,Johanne Tromp
4083,Bobbie Powlowski
4084,Margarito Upton
4085,Olympia Ratke
4086,Marilu Boyle
4087,Nakisha Schuppe
4088,Fredericka Lakin
4089,Fletcher Goodwin
4090,Kristen Russel
4091,Bertram Wehner
4092,Terrell Feil
4093,Justin McGlynn
4094,Callie Aufderhar
4095,Twila Mann
4096,Margarite Konopelski
4097,Colin Effertz
4098,Pasquale Mitchell
4099,Alphonse Ernser
4100,Larry Reichel
4101,Chun Greenholt
4102,Kurt Prosacco
4103,Norris Reinger
4104,Jefferey Kiehn
4105,Joane Wyman
4106,Doug Blanda
4107,Jonas Steuber
4108,Byron Schuster
4109,Susann Dietrich
4110,Sandy Ruecker
4111,Tiffani Stark
4112,Laverne Oberbrunner
4113,Argelia Parker
4114,Margarette Collier
4115,Chantel Padberg
4116,Horacio Oberbrunner
4117,Theo Jakubowski
4118,Guillermo McGlynn
4119,Letitia Buckridge
4120,Stewart Oberbrunner
4121,Mary Schowalter
4122,Darrin Ratke
4123,Slyvia Rath
4124,Miguelina Labadie
4125,Marine Paucek
4126,Joya Kris
4127,Rosario Wilderman
4128,Elliott Lueilwitz
4129,Carmelo Herzog
4130,Jeanetta West
4131,Vesta Breitenberg
4132,Dwayne Smitham
4133,Rachelle Kuhic
4134,Clay Berge
4135,Gino Harris
4136,Margery Boehm
4137,Andrea Lind
4138,Wm Legros
4139,Denise Dibbert
4140,Lorna Swift
4141,Wendell Huels
4142,Mabelle Smith
4143,Ernie Beer
4144,Carly Schinner
4145,Denny Denesik
4146,Mikaela Abbott
4147,Melina Davis
4148,Shery Baumbach
4149,Otelia Sauer
4150,Marcellus White
4151,Kurt Hilll
4152,Valentine Senger
4153,Jeramy Howe
4154,Arturo Aufderhar
4155,Leland Wisozk
4156,Josiah Kunze
4157,Chanell Bayer
4158,Rayford Fadel
4159,Micah Fahey
4160,Erick Leffler
4161,David Carroll
4162,Emogene Hoppe
4163,Waylon Boyer
4164,Maricela Hoeger
4165,Mickey Koelpin
4166,Soledad Metz
4167,Jerry Heller
4168,Tijuana Ziemann
4169,Kraig Pfeffer
4170,Agustina Yundt
4171,Patrina Lesch
4172,Audrey Aufderhar
4173,Darrin Swaniawski
4174,Rudy Schinner
4175,Chana Schinner
4176,Man Durgan
4177,Dulce Upton
4178,Kevin Rodriguez
4179,Katina Wintheiser
4180,Shawn Roberts
4181,Judson Gleichner
4182,Rickey Kunze
4183,Gustavo Abernathy
4184,Verlie Bartell
4185,Tish Torp
4186,Della Beier
4187,Nicolas Harvey
4188,Elmo Mraz
4189,Bennie Deckow
4190,Tatyana Hilpert
4191,Dollie Beatty
4192,Lillia Schneider
4193,Frederica Corkery
4194,Yan Shields
4195,Jimmy Donnelly
4196,Rivka Boyer
4197,Corine Jacobson
4198,Juanita Macejkovic
4199,Shonna Jacobson
4200,Al Christiansen
4201,Raguel Ziemann
4202,Asuncion Lubowitz
4203,Santa Lubowitz
4204,Candida Gusikowski
4205,Mariann Corwin
4206,Romelia Ruecker
4207,Odelia Russel
4208,Laquanda Welch
4209,Tristan Lockman
4210,Kennith DuBuque
4211,Zenaida Hartmann
4212,Ching Johnson
4213,Keenan Murray
4214,Nadia Lemke
4215,Trang Cummings
4216,Charley Fadel
4217,Jerry Jerde
4218,Shemika Schoen
4219,Chance Cronin
4220,Eloy Miller
4221,Lakendra Daniel
4222,Fleta Predovic
4223,Ellan Schroeder
4224,Malika Schaden
4225,Ian Stroman
4226,Buster Bruen
4227,Jacki Bernhard
4228,Yukiko Konopelski
4229,Janett Kohler
4230,Wilford Moen
4231,Zula Kulas
4232,Isaac Bergnaum
4233,Elvis Harvey
4234,Danette King
4235,Kristel Waelchi
4236,Sasha Mante
4237,Barry Zboncak
4238,Cher Okuneva
4239,Dalton Green
4240,Roderick Johnson
4241,Jewell Feeney
4242,Manual Runte
4243,Efrain Cole
4244,Ismael Hand
4245,Glenda Fritsch
4246,Kieth Dietrich
4247,Issac Barton
4248,Delia Schmeler
4249,Darleen Wunsch
4250,Rodney Braun
4251,Charlena Ortiz
4252,Charles Deckow
4253,Basilia Oberbrunner
4254,Leandro Donnelly
4255,Bernie Rippin
4256,Octavio Bahringer
4257,James Brekke
4258,Fidela Tillman
4259,Lionel Aufderhar
4260,Billy Ankunding
4261,Elden Pollich
4262,Andy Spinka
4263,Jan Davis
4264,Faustino Mraz
4265,Kurt Kling
4266,Marcela Ankunding
4267,Luke Harvey
4268,Pinkie Kreiger
4269,Rogelio Wolf
4270,Barbera Smith
4271,Jon Hermiston
4272,Howard Kling
4273,Candie Bergnaum
4274,Lula Zulauf
4275,Rodolfo O'Keefe
4276,Lindsay Schaden
4277,Karolyn Walsh
4278,Daren Kertzmann
4279,Alesha Treutel
4280,Julia Mertz
4281,Charles Haley
4282,Virgil Langworth
4283,Santana Jakubowski
4284,Danyel Nienow
4285,Robin Kshlerin
4286,Francesco Schumm
4287,Michaele Ward
4288,Perry Barrows
4289,Lauren Swift
4290,Justa Sipes
4291,Tanika Jerde
4292,Alene Friesen
4293,Leif Ebert
4294,Morris Kuhic
4295,Clint Erdman
4296,Domonique Hintz
4297,Dorla Bogisich
4298,Guadalupe Crona
4299,Ozzie Mayert
4300,Deon Cassin
4301,Archie Watsica
4302,Shelton Hane
4303,Lance Hayes
4304,Nina Leannon
4305,Efrain Hickle
4306,Gudrun Powlowski
4307,Lashaunda Gottlieb
4308,Marcelino Bauch
4309,Dale Kunde
4310,Reinaldo Marvin
4311,Adelia Gleason
4312,Millard Kuhic
4313,Ariana Marks
4314,Adena Halvorson
4315,Tara Howe
4316,Daysi Haag
4317,Jere Dickinson
4318,Everett Auer
4319,Bobbie Stamm
4320,Hilaria Harvey
4321,Carmela Bergnaum
4322,Jasper Gleichner
4323,Grant Glover
4324,Oscar Torp
4325,Deon Stehr
4326,Keeley Howe
4327,Carlyn Beier
4328,Johnnie Schumm
4329,Janyce Kautzer
4330,Jimmie Mertz
4331,Rosario Klein
4332,Kenyetta Lesch
4333,Temika Abshire
4334,Tillie Frami
4335,Tresa Ward
4336,Brian Reichert
4337,Nickie Kiehn
4338,Calista Spinka
4339,Marcelo Brekke
4340,Monika Corwin
4341,Arianna Davis
4342,Wei Stark
4343,Fleta Weissnat
4344,Lezlie Muller
4345,Bebe Gislason
4346,Lynn Littel
4347,Alicia Spencer
4348,Shyla Wunsch
4349,Fernando O'Hara
4350,Leanora Leuschke
4351,Jess Wuckert
4352,Bula Bayer
4353,Romelia Dibbert
4354,Jefferey Nikolaus
4355,Dustin Stracke
4356,Deangelo Reinger
4357,Augustus Funk
4358,Micheline Hoeger
4359,Demetrius Tromp
4360,Simona Mraz
4361,Shad Monahan
4362,Jolyn Zulauf
4363,Alexander Fisher
4364,Paris Gerlach
4365,Orval Feeney
4366,Hong Jaskolski
4367,Lucien Maggio
4368,Ivette Gislason
4369,Babette Johnston
4370,Pearline Schimmel
4371,Leonida Veum
4372,Michel Mohr
4373,Nelia Cremin
4374,Mavis Pouros
4375,Felica MacGyver
4376,Sid Trantow
4377,Dino Crona
